2026-04-28 01:37:48 Loaded main app package /usr/lib/obsidian/obsidian.asar
2026-04-28 01:37:49 Checking for update using Github
2026-04-28 01:37:52 Success.
2026-04-28 01:37:52 Latest version is 1.12.7
2026-04-28 01:37:52 App is up to date.
2026-04-28 02:37:48 Checking for update using Github
2026-04-28 02:37:48 Success.
2026-04-28 02:37:48 Latest version is 1.12.7
2026-04-28 02:37:48 App is up to date.
2026-04-28 02:46:24 Loaded main app package /usr/lib/obsidian/obsidian.asar
2026-04-28 03:37:48 Checking for update using Github
2026-04-28 03:37:48 Success.
2026-04-28 03:37:48 Latest version is 1.12.7
2026-04-28 03:37:48 App is up to date.
2026-04-28 05:18:37 Checking for update using Github
2026-04-28 05:18:37 Success.
2026-04-28 05:18:37 Latest version is 1.12.7
2026-04-28 05:18:37 App is up to date.
2026-04-28 06:18:37 Checking for update using Github
2026-04-28 06:18:38 Success.
2026-04-28 06:18:38 Latest version is 1.12.7
2026-04-28 06:18:38 App is up to date.
2026-04-28 07:18:38 Checking for update using Github
2026-04-28 07:18:38 Success.
2026-04-28 07:18:38 Latest version is 1.12.7
2026-04-28 07:18:38 App is up to date.
2026-04-28 23:17:36 Loaded main app package /usr/lib/obsidian/obsidian.asar
2026-04-28 23:17:39 Checking for update using Github
2026-04-28 23:17:40 Success.
2026-04-28 23:17:40 Latest version is 1.12.7
2026-04-28 23:17:40 App is up to date.
2026-04-29 00:17:35 Checking for update using Github
2026-04-29 00:17:36 Success.
2026-04-29 00:17:36 Latest version is 1.12.7
2026-04-29 00:17:36 App is up to date.
2026-04-29 01:17:36 Checking for update using Github
2026-04-29 01:17:36 Success.
2026-04-29 01:17:36 Latest version is 1.12.7
2026-04-29 01:17:36 App is up to date.
2026-04-29 01:58:12 Loaded main app package /usr/lib/obsidian/obsidian.asar
2026-04-29 01:59:02 Loaded main app package /usr/lib/obsidian/obsidian.asar
2026-04-29 01:59:02 Checking for update using Github
2026-04-29 01:59:03 Success.
2026-04-29 01:59:03 Latest version is 1.12.7
2026-04-29 01:59:03 App is up to date.
2026-04-29 02:01:13 Loaded main app package /usr/lib/obsidian/obsidian.asar
2026-04-29 02:01:14 Checking for update using Github
2026-04-29 02:01:14 Success.
2026-04-29 02:01:14 Latest version is 1.12.7
2026-04-29 02:01:14 App is up to date.
2026-04-29 02:21:16 Loaded main app package /usr/lib/obsidian/obsidian.asar
2026-04-29 02:21:16 Checking for update using Github
2026-04-29 02:21:17 Success.
2026-04-29 02:21:17 Latest version is 1.12.7
2026-04-29 02:21:17 App is up to date.
2026-04-29 03:21:16 Checking for update using Github
2026-04-29 03:21:16 Success.
2026-04-29 03:21:16 Latest version is 1.12.7
2026-04-29 03:21:16 App is up to date.
2026-04-29 04:21:16 Checking for update using Github
2026-04-29 04:21:16 Success.
2026-04-29 04:21:16 Latest version is 1.12.7
2026-04-29 04:21:16 App is up to date.
2026-04-29 05:21:16 Checking for update using Github
2026-04-29 05:21:16 Success.
2026-04-29 05:21:16 Latest version is 1.12.7
2026-04-29 05:21:16 App is up to date.
2026-04-29 06:21:16 Checking for update using Github
2026-04-29 06:21:16 Success.
2026-04-29 06:21:16 Latest version is 1.12.7
2026-04-29 06:21:16 App is up to date.
2026-04-29 10:30:41 Loaded main app package /usr/lib/obsidian/obsidian.asar
2026-04-29 10:30:41 Checking for update using Github
2026-04-29 10:30:42 Success.
2026-04-29 10:30:42 Latest version is 1.12.7
2026-04-29 10:30:42 App is up to date.
2026-04-29 10:38:45 Loaded main app package /usr/lib/obsidian/obsidian.asar
2026-04-29 10:40:09 Loaded main app package /usr/lib/obsidian/obsidian.asar
2026-04-29 10:40:09 Checking for update using Github
2026-04-29 10:40:10 Success.
2026-04-29 10:40:10 Latest version is 1.12.7
2026-04-29 10:40:10 App is up to date.
2026-04-29 13:39:49 Loaded main app package /usr/lib/obsidian/obsidian.asar
2026-04-29 13:39:50 Checking for update using Github
2026-04-29 13:39:50 Success.
2026-04-29 13:39:50 Latest version is 1.12.7
2026-04-29 13:39:50 App is up to date.
2026-04-30 00:47:16 Loaded main app package /usr/lib/obsidian/obsidian.asar
2026-04-30 00:47:18 Checking for update using Github
2026-04-30 00:47:19 Success.
2026-04-30 00:47:19 Latest version is 1.12.7
2026-04-30 00:47:19 App is up to date.
2026-04-30 01:47:15 Checking for update using Github
2026-04-30 01:47:15 Success.
2026-04-30 01:47:15 Latest version is 1.12.7
2026-04-30 01:47:15 App is up to date.
2026-04-30 02:02:05 Loaded main app package /usr/lib/obsidian/obsidian.asar
2026-04-30 02:02:24 Loaded main app package /usr/lib/obsidian/obsidian.asar
2026-04-30 02:02:24 Checking for update using Github
2026-04-30 02:02:26 Success.
2026-04-30 02:02:26 Latest version is 1.12.7
2026-04-30 02:02:26 App is up to date.
2026-04-30 02:04:19 Loaded main app package /usr/lib/obsidian/obsidian.asar
2026-04-30 02:04:20 Checking for update using Github
2026-04-30 02:04:21 Success.
2026-04-30 02:04:21 Latest version is 1.12.7
2026-04-30 02:04:21 App is up to date.
2026-04-30 02:06:00 Loaded main app package /usr/lib/obsidian/obsidian.asar
2026-04-30 02:06:00 Checking for update using Github
2026-04-30 02:06:01 Success.
2026-04-30 02:06:01 Latest version is 1.12.7
2026-04-30 02:06:01 App is up to date.
2026-04-30 02:06:27 Loaded main app package /usr/lib/obsidian/obsidian.asar
2026-04-30 02:06:27 Checking for update using Github
2026-04-30 02:06:28 Success.
2026-04-30 02:06:28 Latest version is 1.12.7
2026-04-30 02:06:28 App is up to date.
2026-04-30 02:07:13 Loaded main app package /usr/lib/obsidian/obsidian.asar
2026-04-30 02:07:13 Checking for update using Github
2026-04-30 02:07:13 Success.
2026-04-30 02:07:13 Latest version is 1.12.7
2026-04-30 02:07:13 App is up to date.
2026-04-30 02:07:33 Loaded main app package /usr/lib/obsidian/obsidian.asar
2026-04-30 02:07:33 Checking for update using Github
2026-04-30 02:07:34 Success.
2026-04-30 02:07:34 Latest version is 1.12.7
2026-04-30 02:07:34 App is up to date.
2026-04-30 02:18:55 Loaded main app package /usr/lib/obsidian/obsidian.asar
2026-04-30 02:18:55 Checking for update using Github
2026-04-30 02:18:56 Success.
2026-04-30 02:18:56 Latest version is 1.12.7
2026-04-30 02:18:56 App is up to date.
2026-04-30 02:20:42 Loaded main app package /usr/lib/obsidian/obsidian.asar
2026-04-30 02:20:42 Checking for update using Github
2026-04-30 02:20:42 Success.
2026-04-30 02:20:42 Latest version is 1.12.7
2026-04-30 02:20:42 App is up to date.
2026-04-30 03:20:42 Checking for update using Github
2026-04-30 03:20:42 Success.
2026-04-30 03:20:42 Latest version is 1.12.7
2026-04-30 03:20:42 App is up to date.
2026-04-30 04:20:42 Checking for update using Github
2026-04-30 04:20:42 Success.
2026-04-30 04:20:42 Latest version is 1.12.7
2026-04-30 04:20:42 App is up to date.
2026-04-30 05:20:42 Checking for update using Github
2026-04-30 05:20:42 Success.
2026-04-30 05:20:42 Latest version is 1.12.7
2026-04-30 05:20:42 App is up to date.
2026-04-30 06:20:42 Checking for update using Github
2026-04-30 06:20:42 Success.
2026-04-30 06:20:42 Latest version is 1.12.7
2026-04-30 06:20:42 App is up to date.
2026-04-30 07:12:42 Loaded main app package /usr/lib/obsidian/obsidian.asar
2026-04-30 07:20:42 Checking for update using Github
2026-04-30 07:20:42 Success.
2026-04-30 07:20:42 Latest version is 1.12.7
2026-04-30 07:20:42 App is up to date.
2026-04-30 09:24:37 Checking for update using Github
2026-04-30 09:24:37 Success.
2026-04-30 09:24:37 Latest version is 1.12.7
2026-04-30 09:24:37 App is up to date.
2026-04-30 10:24:37 Checking for update using Github
2026-04-30 10:24:37 Success.
2026-04-30 10:24:37 Latest version is 1.12.7
2026-04-30 10:24:37 App is up to date.
2026-04-30 11:24:37 Checking for update using Github
2026-04-30 11:24:37 Success.
2026-04-30 11:24:37 Latest version is 1.12.7
2026-04-30 11:24:37 App is up to date.
2026-04-30 12:24:37 Checking for update using Github
2026-04-30 12:24:37 Success.
2026-04-30 12:24:37 Latest version is 1.12.7
2026-04-30 12:24:37 App is up to date.
2026-04-30 13:24:37 Checking for update using Github
2026-04-30 13:24:37 Success.
2026-04-30 13:24:37 Latest version is 1.12.7
2026-04-30 13:24:37 App is up to date.
2026-05-01 01:09:05 Loaded main app package /usr/lib/obsidian/obsidian.asar
2026-05-01 01:09:06 Checking for update using Github
2026-05-01 01:09:06 Success.
2026-05-01 01:09:06 Latest version is 1.12.7
2026-05-01 01:09:06 App is up to date.
2026-05-01 01:09:09 Loaded main app package /usr/lib/obsidian/obsidian.asar
2026-05-01 01:09:09 Checking for update using Github
2026-05-01 01:09:10 Success.
2026-05-01 01:09:10 Latest version is 1.12.7
2026-05-01 01:09:10 App is up to date.
2026-05-01 02:09:09 Checking for update using Github
2026-05-01 02:09:09 Success.
2026-05-01 02:09:09 Latest version is 1.12.7
2026-05-01 02:09:09 App is up to date.
2026-05-01 03:09:09 Checking for update using Github
2026-05-01 03:09:09 Success.
2026-05-01 03:09:09 Latest version is 1.12.7
2026-05-01 03:09:09 App is up to date.
2026-05-01 04:09:09 Checking for update using Github
2026-05-01 04:09:09 Success.
2026-05-01 04:09:09 Latest version is 1.12.7
2026-05-01 04:09:09 App is up to date.
2026-05-01 05:09:09 Checking for update using Github
2026-05-01 05:09:09 Success.
2026-05-01 05:09:09 Latest version is 1.12.7
2026-05-01 05:09:09 App is up to date.
2026-05-01 06:09:09 Checking for update using Github
2026-05-01 06:09:10 Success.
2026-05-01 06:09:10 Latest version is 1.12.7
2026-05-01 06:09:10 App is up to date.
2026-05-01 07:09:10 Checking for update using Github
2026-05-01 07:09:10 Success.
2026-05-01 07:09:10 Latest version is 1.12.7
2026-05-01 07:09:10 App is up to date.
2026-05-01 08:09:10 Checking for update using Github
2026-05-01 08:09:10 Success.
2026-05-01 08:09:10 Latest version is 1.12.7
2026-05-01 08:09:10 App is up to date.
2026-05-01 09:09:10 Checking for update using Github
2026-05-01 09:09:10 Success.
2026-05-01 09:09:10 Latest version is 1.12.7
2026-05-01 09:09:10 App is up to date.
2026-05-01 10:09:10 Checking for update using Github
2026-05-01 10:09:10 Success.
2026-05-01 10:09:10 Latest version is 1.12.7
2026-05-01 10:09:10 App is up to date.
2026-05-01 13:07:39 Loaded main app package /usr/lib/obsidian/obsidian.asar
2026-05-01 13:07:39 Checking for update using Github
2026-05-01 13:07:41 Success.
2026-05-01 13:07:41 Latest version is 1.12.7
2026-05-01 13:07:41 App is up to date.
2026-05-01 23:47:55 Loaded main app package /usr/lib/obsidian/obsidian.asar
2026-05-01 23:47:56 Checking for update using Github
2026-05-01 23:47:56 Success.
2026-05-01 23:47:56 Latest version is 1.12.7
2026-05-01 23:47:56 App is up to date.
2026-05-02 00:47:55 Checking for update using Github
2026-05-02 00:47:55 Success.
2026-05-02 00:47:55 Latest version is 1.12.7
2026-05-02 00:47:55 App is up to date.
2026-05-02 01:47:55 Checking for update using Github
2026-05-02 01:47:55 Success.
2026-05-02 01:47:55 Latest version is 1.12.7
2026-05-02 01:47:55 App is up to date.
2026-05-02 03:00:33 Loaded main app package /usr/lib/obsidian/obsidian.asar
2026-05-02 03:00:34 Checking for update using Github
2026-05-02 03:00:35 Success.
2026-05-02 03:00:35 Latest version is 1.12.7
2026-05-02 03:00:35 App is up to date.
2026-05-02 04:00:32 Checking for update using Github
2026-05-02 04:00:32 Success.
2026-05-02 04:00:32 Latest version is 1.12.7
2026-05-02 04:00:32 App is up to date.
2026-05-02 05:00:32 Checking for update using Github
2026-05-02 05:00:32 Success.
2026-05-02 05:00:32 Latest version is 1.12.7
2026-05-02 05:00:32 App is up to date.
2026-05-02 06:00:32 Checking for update using Github
2026-05-02 06:00:33 Success.
2026-05-02 06:00:33 Latest version is 1.12.7
2026-05-02 06:00:33 App is up to date.
2026-05-02 07:00:33 Checking for update using Github
2026-05-02 07:00:33 Success.
2026-05-02 07:00:33 Latest version is 1.12.7
2026-05-02 07:00:33 App is up to date.
2026-05-02 12:53:50 Loaded main app package /usr/lib/obsidian/obsidian.asar
2026-05-02 12:53:51 Checking for update using Github
2026-05-02 12:53:52 Success.
2026-05-02 12:53:52 Latest version is 1.12.7
2026-05-02 12:53:52 App is up to date.
2026-05-02 14:01:09 Loaded main app package /usr/lib/obsidian/obsidian.asar
2026-05-02 14:01:09 Checking for update using Github
2026-05-02 14:01:10 Success.
2026-05-02 14:01:10 Latest version is 1.12.7
2026-05-02 14:01:10 App is up to date.
2026-05-02 22:30:35 Loaded main app package /usr/lib/obsidian/obsidian.asar
2026-05-02 22:30:36 Checking for update using Github
2026-05-02 22:30:37 Success.
2026-05-02 22:30:37 Latest version is 1.12.7
2026-05-02 22:30:37 App is up to date.
2026-05-02 22:30:39 Loaded main app package /usr/lib/obsidian/obsidian.asar
2026-05-02 23:30:35 Checking for update using Github
2026-05-02 23:30:35 Success.
2026-05-02 23:30:35 Latest version is 1.12.7
2026-05-02 23:30:35 App is up to date.
2026-05-03 00:30:35 Checking for update using Github
2026-05-03 00:30:35 Success.
2026-05-03 00:30:35 Latest version is 1.12.7
2026-05-03 00:30:35 App is up to date.
2026-05-03 01:30:35 Checking for update using Github
2026-05-03 01:30:35 Success.
2026-05-03 01:30:35 Latest version is 1.12.7
2026-05-03 01:30:35 App is up to date.
2026-05-03 02:30:35 Checking for update using Github
2026-05-03 02:30:35 Success.
2026-05-03 02:30:35 Latest version is 1.12.7
2026-05-03 02:30:35 App is up to date.
2026-05-03 10:00:34 Loaded main app package /usr/lib/obsidian/obsidian.asar
2026-05-03 10:00:35 Checking for update using Github
2026-05-03 10:00:35 Success.
2026-05-03 10:00:35 Latest version is 1.12.7
2026-05-03 10:00:35 App is up to date.
2026-05-03 13:15:46 Loaded main app package /usr/lib/obsidian/obsidian.asar
2026-05-03 13:15:46 Checking for update using Github
2026-05-03 13:15:47 Success.
2026-05-03 13:15:47 Latest version is 1.12.7
2026-05-03 13:15:47 App is up to date.
2026-05-04 00:41:28 Loaded main app package /usr/lib/obsidian/obsidian.asar
2026-05-04 00:41:29 Checking for update using Github
2026-05-04 00:41:30 Success.
2026-05-04 00:41:30 Latest version is 1.12.7
2026-05-04 00:41:30 App is up to date.
2026-05-04 01:04:19 Loaded main app package /usr/lib/obsidian/obsidian.asar
2026-05-04 01:04:19 Checking for update using Github
2026-05-04 01:04:19 Success.
2026-05-04 01:04:19 Latest version is 1.12.7
2026-05-04 01:04:19 App is up to date.
2026-05-04 02:04:19 Checking for update using Github
2026-05-04 02:04:19 Success.
2026-05-04 02:04:19 Latest version is 1.12.7
2026-05-04 02:04:19 App is up to date.
2026-05-04 03:04:19 Checking for update using Github
2026-05-04 03:04:19 Success.
2026-05-04 03:04:19 Latest version is 1.12.7
2026-05-04 03:04:19 App is up to date.
2026-05-04 04:04:19 Checking for update using Github
2026-05-04 04:04:19 Success.
2026-05-04 04:04:19 Latest version is 1.12.7
2026-05-04 04:04:19 App is up to date.
2026-05-04 05:04:19 Checking for update using Github
2026-05-04 05:04:19 Success.
2026-05-04 05:04:19 Latest version is 1.12.7
2026-05-04 05:04:19 App is up to date.
2026-05-04 06:04:19 Checking for update using Github
2026-05-04 06:04:19 Success.
2026-05-04 06:04:19 Latest version is 1.12.7
2026-05-04 06:04:19 App is up to date.
2026-05-04 07:04:19 Checking for update using Github
2026-05-04 07:04:19 Success.
2026-05-04 07:04:19 Latest version is 1.12.7
2026-05-04 07:04:19 App is up to date.
2026-05-04 08:04:19 Checking for update using Github
2026-05-04 08:04:19 Success.
2026-05-04 08:04:19 Latest version is 1.12.7
2026-05-04 08:04:19 App is up to date.
2026-05-04 09:04:19 Checking for update using Github
2026-05-04 09:04:19 Success.
2026-05-04 09:04:19 Latest version is 1.12.7
2026-05-04 09:04:19 App is up to date.
2026-05-04 10:04:19 Checking for update using Github
2026-05-04 10:04:20 Success.
2026-05-04 10:04:20 Latest version is 1.12.7
2026-05-04 10:04:20 App is up to date.
2026-05-04 11:04:19 Checking for update using Github
2026-05-04 11:04:20 Success.
2026-05-04 11:04:20 Latest version is 1.12.7
2026-05-04 11:04:20 App is up to date.
2026-05-04 12:04:20 Checking for update using Github
2026-05-04 12:04:20 Success.
2026-05-04 12:04:20 Latest version is 1.12.7
2026-05-04 12:04:20 App is up to date.
2026-05-04 13:04:20 Checking for update using Github
2026-05-04 13:04:20 Success.
2026-05-04 13:04:20 Latest version is 1.12.7
2026-05-04 13:04:20 App is up to date.
2026-05-04 13:10:26 Loaded main app package /usr/lib/obsidian/obsidian.asar
2026-05-04 13:10:26 Checking for update using Github
2026-05-04 13:10:27 Success.
2026-05-04 13:10:27 Latest version is 1.12.7
2026-05-04 13:10:27 App is up to date.
2026-05-05 00:45:01 Loaded main app package /usr/lib/obsidian/obsidian.asar
2026-05-05 00:45:02 Checking for update using Github
2026-05-05 00:45:03 Success.
2026-05-05 00:45:03 Latest version is 1.12.7
2026-05-05 00:45:03 App is up to date.
2026-05-05 01:45:01 Checking for update using Github
2026-05-05 01:45:01 Success.
2026-05-05 01:45:01 Latest version is 1.12.7
2026-05-05 01:45:01 App is up to date.
2026-05-05 02:45:01 Checking for update using Github
2026-05-05 02:45:01 Success.
2026-05-05 02:45:01 Latest version is 1.12.7
2026-05-05 02:45:01 App is up to date.
2026-05-05 03:45:01 Checking for update using Github
2026-05-05 03:45:01 Success.
2026-05-05 03:45:01 Latest version is 1.12.7
2026-05-05 03:45:01 App is up to date.
2026-05-05 04:45:01 Checking for update using Github
2026-05-05 04:45:01 Success.
2026-05-05 04:45:01 Latest version is 1.12.7
2026-05-05 04:45:01 App is up to date.
2026-05-05 05:45:01 Checking for update using Github
2026-05-05 05:45:01 Success.
2026-05-05 05:45:01 Latest version is 1.12.7
2026-05-05 05:45:01 App is up to date.
2026-05-05 06:45:01 Checking for update using Github
2026-05-05 06:45:01 Success.
2026-05-05 06:45:01 Latest version is 1.12.7
2026-05-05 06:45:01 App is up to date.
2026-05-05 10:39:20 Loaded main app package /usr/lib/obsidian/obsidian.asar
2026-05-05 10:39:21 Checking for update using Github
2026-05-05 10:39:22 Success.
2026-05-05 10:39:22 Latest version is 1.12.7
2026-05-05 10:39:22 App is up to date.
2026-05-05 11:39:20 Checking for update using Github
2026-05-05 11:39:20 Success.
2026-05-05 11:39:20 Latest version is 1.12.7
2026-05-05 11:39:20 App is up to date.
2026-05-05 12:39:20 Checking for update using Github
2026-05-05 12:39:20 Success.
2026-05-05 12:39:20 Latest version is 1.12.7
2026-05-05 12:39:20 App is up to date.
2026-05-05 23:29:11 Loaded main app package /usr/lib/obsidian/obsidian.asar
2026-05-05 23:29:12 Checking for update using Github
2026-05-05 23:29:12 Success.
2026-05-05 23:29:12 Latest version is 1.12.7
2026-05-05 23:29:12 App is up to date.
2026-05-06 00:29:11 Checking for update using Github
2026-05-06 00:29:11 Success.
2026-05-06 00:29:11 Latest version is 1.12.7
2026-05-06 00:29:11 App is up to date.
2026-05-06 01:29:11 Checking for update using Github
2026-05-06 01:29:11 Success.
2026-05-06 01:29:11 Latest version is 1.12.7
2026-05-06 01:29:11 App is up to date.
2026-05-06 05:54:41 Loaded main app package /usr/lib/obsidian/obsidian.asar
2026-05-06 05:54:42 Checking for update using Github
2026-05-06 05:54:43 Success.
2026-05-06 05:54:43 Latest version is 1.12.7
2026-05-06 05:54:43 App is up to date.
2026-05-06 05:54:43 Loaded main app package /usr/lib/obsidian/obsidian.asar
2026-05-06 05:54:44 Loaded main app package /usr/lib/obsidian/obsidian.asar
2026-05-06 05:54:44 Loaded main app package /usr/lib/obsidian/obsidian.asar
2026-05-06 05:54:46 Loaded main app package /usr/lib/obsidian/obsidian.asar
2026-05-06 05:54:47 Loaded main app package /usr/lib/obsidian/obsidian.asar
2026-05-06 05:54:47 Loaded main app package /usr/lib/obsidian/obsidian.asar
2026-05-06 05:54:47 Loaded main app package /usr/lib/obsidian/obsidian.asar
2026-05-06 05:54:48 Loaded main app package /usr/lib/obsidian/obsidian.asar
2026-05-06 05:54:48 Loaded main app package /usr/lib/obsidian/obsidian.asar
2026-05-06 18:55:00 Loaded main app package /usr/lib/obsidian/obsidian.asar
2026-05-06 18:55:01 Checking for update using Github
2026-05-06 18:55:01 Success.
2026-05-06 18:55:01 Latest version is 1.12.7
2026-05-06 18:55:01 App is up to date.
2026-05-06 14:12:59 Loaded main app package /usr/lib/obsidian/obsidian.asar
2026-05-06 14:12:59 Checking for update using Github
2026-05-06 14:13:00 Success.
2026-05-06 14:13:00 Latest version is 1.12.7
2026-05-06 14:13:00 App is up to date.
2026-05-06 23:12:48 Loaded main app package /usr/lib/obsidian/obsidian.asar
2026-05-06 23:12:48 Checking for update using Github
2026-05-06 23:12:49 Success.
2026-05-06 23:12:49 Latest version is 1.12.7
2026-05-06 23:12:49 App is up to date.
2026-05-07 12:05:29 Loaded main app package /usr/lib/obsidian/obsidian.asar
2026-05-07 12:05:30 Checking for update using Github
2026-05-07 12:05:31 Success.
2026-05-07 12:05:31 Latest version is 1.12.7
2026-05-07 12:05:31 App is up to date.
2026-05-07 13:05:29 Checking for update using Github
2026-05-07 13:05:29 Success.
2026-05-07 13:05:29 Latest version is 1.12.7
2026-05-07 13:05:29 App is up to date.
2026-05-08 01:09:36 Loaded main app package /usr/lib/obsidian/obsidian.asar
2026-05-08 01:09:37 Checking for update using Github
2026-05-08 01:09:38 Success.
2026-05-08 01:09:38 Latest version is 1.12.7
2026-05-08 01:09:38 App is up to date.
2026-05-08 02:09:36 Checking for update using Github
2026-05-08 02:09:36 Success.
2026-05-08 02:09:36 Latest version is 1.12.7
2026-05-08 02:09:36 App is up to date.
2026-05-08 03:09:36 Checking for update using Github
2026-05-08 03:09:36 Success.
2026-05-08 03:09:36 Latest version is 1.12.7
2026-05-08 03:09:36 App is up to date.
2026-05-08 04:09:36 Checking for update using Github
2026-05-08 04:09:37 Success.
2026-05-08 04:09:37 Latest version is 1.12.7
2026-05-08 04:09:37 App is up to date.
2026-05-08 05:09:36 Checking for update using Github
2026-05-08 05:09:37 Success.
2026-05-08 05:09:37 Latest version is 1.12.7
2026-05-08 05:09:37 App is up to date.
2026-05-08 06:09:37 Checking for update using Github
2026-05-08 06:09:37 Success.
2026-05-08 06:09:37 Latest version is 1.12.7
2026-05-08 06:09:37 App is up to date.
2026-05-08 07:09:37 Checking for update using Github
2026-05-08 07:09:37 Success.
2026-05-08 07:09:37 Latest version is 1.12.7
2026-05-08 07:09:37 App is up to date.
2026-05-08 08:09:37 Checking for update using Github
2026-05-08 08:09:37 Success.
2026-05-08 08:09:37 Latest version is 1.12.7
2026-05-08 08:09:37 App is up to date.
2026-05-08 09:09:37 Checking for update using Github
2026-05-08 09:09:37 Success.
2026-05-08 09:09:37 Latest version is 1.12.7
2026-05-08 09:09:37 App is up to date.
2026-05-08 10:09:37 Checking for update using Github
2026-05-08 10:09:37 Success.
2026-05-08 10:09:37 Latest version is 1.12.7
2026-05-08 10:09:37 App is up to date.
2026-05-08 11:09:37 Checking for update using Github
2026-05-08 11:09:37 Success.
2026-05-08 11:09:37 Latest version is 1.12.7
2026-05-08 11:09:37 App is up to date.
2026-05-08 12:09:37 Checking for update using Github
2026-05-08 12:09:37 Success.
2026-05-08 12:09:37 Latest version is 1.12.7
2026-05-08 12:09:37 App is up to date.
2026-05-08 13:09:37 Checking for update using Github
2026-05-08 13:09:37 Success.
2026-05-08 13:09:37 Latest version is 1.12.7
2026-05-08 13:09:37 App is up to date.
2026-05-08 14:12:16 Loaded main app package /usr/lib/obsidian/obsidian.asar
2026-05-08 14:12:16 Checking for update using Github
2026-05-08 14:12:18 Success.
2026-05-08 14:12:18 Latest version is 1.12.7
2026-05-08 14:12:18 App is up to date.
2026-05-09 04:49:30 Loaded main app package /usr/lib/obsidian/obsidian.asar
2026-05-09 04:49:30 Checking for update using Github
2026-05-09 04:49:31 Success.
2026-05-09 04:49:31 Latest version is 1.12.7
2026-05-09 04:49:31 App is up to date.
2026-05-09 13:07:59 Loaded main app package /usr/lib/obsidian/obsidian.asar
2026-05-09 13:08:00 Checking for update using Github
2026-05-09 13:08:00 Success.
2026-05-09 13:08:00 Latest version is 1.12.7
2026-05-09 13:08:00 App is up to date.
2026-05-10 01:00:32 Loaded main app package /usr/lib/obsidian/obsidian.asar
2026-05-10 01:00:32 Checking for update using Github
2026-05-10 01:00:33 Success.
2026-05-10 01:00:33 Latest version is 1.12.7
2026-05-10 01:00:33 App is up to date.
2026-05-10 01:11:21 Loaded main app package /usr/lib/obsidian/obsidian.asar
2026-05-10 01:11:21 Checking for update using Github
2026-05-10 01:11:22 Success.
2026-05-10 01:11:22 Latest version is 1.12.7
2026-05-10 01:11:22 App is up to date.
2026-05-10 12:04:33 Loaded main app package /usr/lib/obsidian/obsidian.asar
2026-05-10 12:04:34 Checking for update using Github
2026-05-10 12:04:35 Success.
2026-05-10 12:04:35 Latest version is 1.12.7
2026-05-10 12:04:35 App is up to date.
2026-05-10 13:04:33 Checking for update using Github
2026-05-10 13:04:33 Success.
2026-05-10 13:04:33 Latest version is 1.12.7
2026-05-10 13:04:33 App is up to date.
2026-05-11 03:11:27 Loaded main app package /usr/lib/obsidian/obsidian.asar
2026-05-11 03:11:28 Checking for update using Github
2026-05-11 03:11:28 Success.
2026-05-11 03:11:28 Latest version is 1.12.7
2026-05-11 03:11:28 App is up to date.
2026-05-13 04:53:37 Loaded main app package /usr/lib/obsidian/obsidian.asar
2026-05-13 04:53:37 Checking for update using Github
2026-05-13 04:53:38 Success.
2026-05-13 04:53:38 Latest version is 1.12.7
2026-05-13 04:53:38 App is up to date.
2026-05-13 05:53:37 Checking for update using Github
2026-05-13 05:53:37 Success.
2026-05-13 05:53:37 Latest version is 1.12.7
2026-05-13 05:53:37 App is up to date.
2026-05-13 06:53:37 Checking for update using Github
2026-05-13 06:53:37 Success.
2026-05-13 06:53:37 Latest version is 1.12.7
2026-05-13 06:53:37 App is up to date.
2026-05-13 07:53:37 Checking for update using Github
2026-05-13 07:53:37 Success.
2026-05-13 07:53:37 Latest version is 1.12.7
2026-05-13 07:53:37 App is up to date.
2026-05-13 08:53:37 Checking for update using Github
2026-05-13 08:53:37 Success.
2026-05-13 08:53:37 Latest version is 1.12.7
2026-05-13 08:53:37 App is up to date.
2026-05-13 09:53:37 Checking for update using Github
2026-05-13 09:53:37 Success.
2026-05-13 09:53:37 Latest version is 1.12.7
2026-05-13 09:53:37 App is up to date.
2026-05-13 10:53:37 Checking for update using Github
2026-05-13 10:53:38 Success.
2026-05-13 10:53:38 Latest version is 1.12.7
2026-05-13 10:53:38 App is up to date.
2026-05-13 11:53:37 Checking for update using Github
2026-05-13 11:53:38 Success.
2026-05-13 11:53:38 Latest version is 1.12.7
2026-05-13 11:53:38 App is up to date.
2026-05-13 12:53:37 Checking for update using Github
2026-05-13 12:53:38 Success.
2026-05-13 12:53:38 Latest version is 1.12.7
2026-05-13 12:53:38 App is up to date.
2026-05-15 13:32:45 Loaded main app package /usr/lib/obsidian/obsidian.asar
2026-05-15 13:32:46 Checking for update using Github
2026-05-15 13:32:47 Success.
2026-05-15 13:32:47 Latest version is 1.12.7
2026-05-15 13:32:47 App is up to date.
2026-05-16 12:28:52 Loaded main app package /usr/lib/obsidian/obsidian.asar
2026-05-16 12:28:53 Checking for update using Github
2026-05-16 12:28:54 Success.
2026-05-16 12:28:54 Latest version is 1.12.7
2026-05-16 12:28:54 App is up to date.
2026-05-17 10:19:47 Loaded main app package /usr/lib/obsidian/obsidian.asar
2026-05-17 10:19:48 Checking for update using Github
2026-05-17 10:19:50 Success.
2026-05-17 10:19:50 Latest version is 1.12.7
2026-05-17 10:19:50 App is up to date.
2026-05-17 11:13:52 Loaded main app package /usr/lib/obsidian/obsidian.asar
2026-05-17 11:13:53 Checking for update using Github
2026-05-17 11:13:53 Success.
2026-05-17 11:13:53 Latest version is 1.12.7
2026-05-17 11:13:53 App is up to date.
2026-05-17 12:13:52 Checking for update using Github
2026-05-17 12:13:52 Success.
2026-05-17 12:13:52 Latest version is 1.12.7
2026-05-17 12:13:52 App is up to date.
2026-05-17 13:11:46 Loaded main app package /usr/lib/obsidian/obsidian.asar
2026-05-17 13:11:47 Checking for update using Github
2026-05-17 13:11:47 Success.
2026-05-17 13:11:47 Latest version is 1.12.7
2026-05-17 13:11:47 App is up to date.
2026-05-18 01:01:35 Loaded main app package /usr/lib/obsidian/obsidian.asar
2026-05-18 01:01:35 Checking for update using Github
2026-05-18 01:01:36 Success.
2026-05-18 01:01:36 Latest version is 1.12.7
2026-05-18 01:01:36 App is up to date.
2026-05-18 03:30:01 Loaded main app package /usr/lib/obsidian/obsidian.asar
2026-05-18 03:30:02 Checking for update using Github
2026-05-18 03:30:02 Success.
2026-05-18 03:30:02 Latest version is 1.12.7
2026-05-18 03:30:02 App is up to date.
2026-05-18 04:11:41 Loaded main app package /usr/lib/obsidian/obsidian.asar
2026-05-18 04:13:03 Loaded main app package /usr/lib/obsidian/obsidian.asar
2026-05-18 04:13:03 Checking for update using Github
2026-05-18 04:13:04 Success.
2026-05-18 04:13:04 Latest version is 1.12.7
2026-05-18 04:13:04 App is up to date.
2026-05-18 04:13:40 Loaded main app package /usr/lib/obsidian/obsidian.asar
2026-05-18 04:13:50 Loaded main app package /usr/lib/obsidian/obsidian.asar
2026-05-18 04:17:43 Loaded main app package /usr/lib/obsidian/obsidian.asar
2026-05-18 04:17:50 Loaded main app package /usr/lib/obsidian/obsidian.asar
2026-05-18 04:17:51 Loaded main app package /usr/lib/obsidian/obsidian.asar
2026-05-18 04:18:08 Loaded main app package /usr/lib/obsidian/obsidian.asar
2026-05-18 04:18:08 Checking for update using Github
2026-05-18 04:18:09 Success.
2026-05-18 04:18:09 Latest version is 1.12.7
2026-05-18 04:18:09 App is up to date.
2026-05-18 04:18:23 Loaded main app package /usr/lib/obsidian/obsidian.asar
2026-05-18 04:18:26 Loaded main app package /usr/lib/obsidian/obsidian.asar
2026-05-18 04:18:26 Loaded main app package /usr/lib/obsidian/obsidian.asar
2026-05-18 04:18:27 Loaded main app package /usr/lib/obsidian/obsidian.asar
2026-05-18 04:18:27 Loaded main app package /usr/lib/obsidian/obsidian.asar
2026-05-18 04:18:28 Loaded main app package /usr/lib/obsidian/obsidian.asar
2026-05-18 04:20:04 Loaded main app package /usr/lib/obsidian/obsidian.asar
2026-05-18 04:20:05 Checking for update using Github
2026-05-18 04:20:05 Success.
2026-05-18 04:20:05 Latest version is 1.12.7
2026-05-18 04:20:05 App is up to date.
2026-05-18 04:20:46 Loaded main app package /usr/lib/obsidian/obsidian.asar
2026-05-18 04:20:46 Checking for update using Github
2026-05-18 04:20:46 Success.
2026-05-18 04:20:46 Latest version is 1.12.7
2026-05-18 04:20:46 App is up to date.
2026-05-18 04:20:58 Loaded main app package /usr/lib/obsidian/obsidian.asar
2026-05-18 04:20:58 Checking for update using Github
2026-05-18 04:20:58 Success.
2026-05-18 04:20:58 Latest version is 1.12.7
2026-05-18 04:20:58 App is up to date.
2026-05-18 04:21:06 Loaded main app package /usr/lib/obsidian/obsidian.asar
2026-05-18 04:21:07 Checking for update using Github
2026-05-18 04:21:07 Success.
2026-05-18 04:21:07 Latest version is 1.12.7
2026-05-18 04:21:07 App is up to date.
2026-05-18 04:21:19 Loaded main app package /usr/lib/obsidian/obsidian.asar
2026-05-18 04:21:19 Checking for update using Github
2026-05-18 04:21:19 Success.
2026-05-18 04:21:19 Latest version is 1.12.7
2026-05-18 04:21:19 App is up to date.
2026-05-18 04:21:49 Loaded main app package /usr/lib/obsidian/obsidian.asar
2026-05-18 04:21:49 Checking for update using Github
2026-05-18 04:21:49 Success.
2026-05-18 04:21:49 Latest version is 1.12.7
2026-05-18 04:21:49 App is up to date.
2026-05-18 04:21:55 Loaded main app package /usr/lib/obsidian/obsidian.asar
2026-05-18 04:21:55 Checking for update using Github
2026-05-18 04:21:56 Success.
2026-05-18 04:21:56 Latest version is 1.12.7
2026-05-18 04:21:56 App is up to date.
2026-05-18 04:21:59 Loaded main app package /usr/lib/obsidian/obsidian.asar
2026-05-18 04:22:01 Loaded main app package /usr/lib/obsidian/obsidian.asar
2026-05-18 04:22:55 Loaded main app package /usr/lib/obsidian/obsidian.asar
2026-05-18 04:22:56 Checking for update using Github
2026-05-18 04:22:56 Success.
2026-05-18 04:22:56 Latest version is 1.12.7
2026-05-18 04:22:56 App is up to date.
2026-05-18 04:23:01 Loaded main app package /usr/lib/obsidian/obsidian.asar
2026-05-18 04:23:03 Loaded main app package /usr/lib/obsidian/obsidian.asar
2026-05-18 04:23:04 Loaded main app package /usr/lib/obsidian/obsidian.asar
2026-05-18 04:25:05 Loaded main app package /usr/lib/obsidian/obsidian.asar
2026-05-18 04:25:06 Checking for update using Github
2026-05-18 04:25:06 Success.
2026-05-18 04:25:06 Latest version is 1.12.7
2026-05-18 04:25:06 App is up to date.
2026-05-18 04:25:09 Loaded main app package /usr/lib/obsidian/obsidian.asar
2026-05-18 04:25:11 Loaded main app package /usr/lib/obsidian/obsidian.asar
2026-05-18 05:50:59 Loaded main app package /usr/lib/obsidian/obsidian.asar
2026-05-18 05:50:59 Checking for update using Github
2026-05-18 05:51:00 Success.
2026-05-18 05:51:00 Latest version is 1.12.7
2026-05-18 05:51:00 App is up to date.
2026-05-18 05:51:08 Loaded main app package /usr/lib/obsidian/obsidian.asar
2026-05-18 05:51:45 Loaded main app package /usr/lib/obsidian/obsidian.asar
2026-05-18 05:51:47 Loaded main app package /usr/lib/obsidian/obsidian.asar
2026-05-18 05:54:58 Loaded main app package /usr/lib/obsidian/obsidian.asar
2026-05-18 06:12:26 Loaded main app package /usr/lib/obsidian/obsidian.asar
2026-05-18 06:12:26 Checking for update using Github
2026-05-18 06:12:27 Success.
2026-05-18 06:12:27 Latest version is 1.12.7
2026-05-18 06:12:27 App is up to date.
2026-05-18 06:14:05 Loaded main app package /usr/lib/obsidian/obsidian.asar
2026-05-18 06:14:06 Checking for update using Github
2026-05-18 06:14:06 Success.
2026-05-18 06:14:06 Latest version is 1.12.7
2026-05-18 06:14:06 App is up to date.
2026-05-18 07:14:05 Checking for update using Github
2026-05-18 07:14:05 Success.
2026-05-18 07:14:05 Latest version is 1.12.7
2026-05-18 07:14:05 App is up to date.
2026-05-18 09:41:34 Loaded main app package /usr/lib/obsidian/obsidian.asar
2026-05-18 09:41:35 Checking for update using Github
2026-05-18 09:41:36 Success.
2026-05-18 09:41:36 Latest version is 1.12.7
2026-05-18 09:41:36 App is up to date.
2026-05-18 10:41:34 Checking for update using Github
2026-05-18 10:41:34 Success.
2026-05-18 10:41:34 Latest version is 1.12.7
2026-05-18 10:41:34 App is up to date.
2026-05-18 11:41:34 Checking for update using Github
2026-05-18 11:41:34 Success.
2026-05-18 11:41:34 Latest version is 1.12.7
2026-05-18 11:41:34 App is up to date.
2026-05-18 12:41:34 Checking for update using Github
2026-05-18 12:41:34 Success.
2026-05-18 12:41:34 Latest version is 1.12.7
2026-05-18 12:41:34 App is up to date.
2026-05-18 13:09:25 Loaded main app package /usr/lib/obsidian/obsidian.asar
2026-05-18 13:09:26 Checking for update using Github
2026-05-18 13:09:26 Success.
2026-05-18 13:09:26 Latest version is 1.12.7
2026-05-18 13:09:26 App is up to date.
2026-05-18 22:12:53 Loaded main app package /usr/lib/obsidian/obsidian.asar
2026-05-18 22:12:55 Checking for update using Github
2026-05-18 22:12:56 Success.
2026-05-18 22:12:56 Latest version is 1.12.7
2026-05-18 22:12:56 App is up to date.
2026-05-18 23:19:34 Loaded main app package /usr/lib/obsidian/obsidian.asar
2026-05-18 23:19:37 Checking for update using Github
2026-05-18 23:19:38 Success.
2026-05-18 23:19:38 Latest version is 1.12.7
2026-05-18 23:19:38 App is up to date.
2026-05-19 00:19:33 Checking for update using Github
2026-05-19 00:19:33 Success.
2026-05-19 00:19:33 Latest version is 1.12.7
2026-05-19 00:19:33 App is up to date.
2026-05-19 01:19:33 Checking for update using Github
2026-05-19 01:19:33 Success.
2026-05-19 01:19:33 Latest version is 1.12.7
2026-05-19 01:19:33 App is up to date.
2026-05-19 10:42:40 Loaded main app package /usr/lib/obsidian/obsidian.asar
2026-05-19 10:42:42 Checking for update using Github
2026-05-19 10:42:43 Success.
2026-05-19 10:42:43 Latest version is 1.12.7
2026-05-19 10:42:43 App is up to date.
2026-05-19 10:50:54 Loaded main app package /usr/lib/obsidian/obsidian.asar
2026-05-19 10:50:54 Checking for update using Github
2026-05-19 10:50:55 Success.
2026-05-19 10:50:55 Latest version is 1.12.7
2026-05-19 10:50:55 App is up to date.
2026-05-19 11:50:54 Checking for update using Github
2026-05-19 11:50:54 Success.
2026-05-19 11:50:54 Latest version is 1.12.7
2026-05-19 11:50:54 App is up to date.
2026-05-19 12:50:54 Checking for update using Github
2026-05-19 12:50:54 Success.
2026-05-19 12:50:54 Latest version is 1.12.7
2026-05-19 12:50:54 App is up to date.
2026-05-19 22:57:07 Loaded main app package /usr/lib/obsidian/obsidian.asar
2026-05-19 22:57:08 Checking for update using Github
2026-05-19 22:57:09 Success.
2026-05-19 22:57:09 Latest version is 1.12.7
2026-05-19 22:57:09 App is up to date.
2026-05-19 23:57:07 Checking for update using Github
2026-05-19 23:57:07 Success.
2026-05-19 23:57:07 Latest version is 1.12.7
2026-05-19 23:57:07 App is up to date.
2026-05-20 00:57:07 Checking for update using Github
2026-05-20 00:57:07 Success.
2026-05-20 00:57:07 Latest version is 1.12.7
2026-05-20 00:57:07 App is up to date.
2026-05-20 01:57:07 Checking for update using Github
2026-05-20 01:57:07 Success.
2026-05-20 01:57:07 Latest version is 1.12.7
2026-05-20 01:57:07 App is up to date.
2026-05-20 02:57:07 Checking for update using Github
2026-05-20 02:57:07 Success.
2026-05-20 02:57:07 Latest version is 1.12.7
2026-05-20 02:57:07 App is up to date.
2026-05-20 03:57:07 Checking for update using Github
2026-05-20 03:57:07 Success.
2026-05-20 03:57:07 Latest version is 1.12.7
2026-05-20 03:57:07 App is up to date.
2026-05-20 04:57:07 Checking for update using Github
2026-05-20 04:57:07 Success.
2026-05-20 04:57:07 Latest version is 1.12.7
2026-05-20 04:57:07 App is up to date.
2026-05-20 05:57:08 Checking for update using Github
2026-05-20 05:57:08 Success.
2026-05-20 05:57:08 Latest version is 1.12.7
2026-05-20 05:57:08 App is up to date.
2026-05-20 06:57:08 Checking for update using Github
2026-05-20 06:57:08 Success.
2026-05-20 06:57:08 Latest version is 1.12.7
2026-05-20 06:57:08 App is up to date.
2026-05-20 13:05:46 Loaded main app package /usr/lib/obsidian/obsidian.asar
2026-05-20 13:05:46 Checking for update using Github
2026-05-20 13:05:47 Success.
2026-05-20 13:05:47 Latest version is 1.12.7
2026-05-20 13:05:47 App is up to date.
2026-05-20 16:08:36 Loaded main app package /usr/lib/obsidian/obsidian.asar
2026-05-20 16:08:37 Checking for update using Github
2026-05-20 16:08:37 Success.
2026-05-20 16:08:37 Latest version is 1.12.7
2026-05-20 16:08:37 App is up to date.
2026-05-21 13:01:54 Loaded main app package /usr/lib/obsidian/obsidian.asar
2026-05-21 13:01:55 Checking for update using Github
2026-05-21 13:01:56 Success.
2026-05-21 13:01:56 Latest version is 1.12.7
2026-05-21 13:01:56 App is up to date.
2026-05-22 01:41:04 Loaded main app package /usr/lib/obsidian/obsidian.asar
2026-05-22 01:41:07 Checking for update using Github
2026-05-22 01:41:10 Success.
2026-05-22 01:41:10 Latest version is 1.12.7
2026-05-22 01:41:10 App is up to date.
2026-05-22 02:08:16 Loaded main app package /usr/lib/obsidian/obsidian.asar
2026-05-22 02:08:16 Checking for update using Github
2026-05-22 02:08:17 Success.
2026-05-22 02:08:17 Latest version is 1.12.7
2026-05-22 02:08:17 App is up to date.
2026-05-22 03:08:16 Checking for update using Github
2026-05-22 03:08:17 Success.
2026-05-22 03:08:17 Latest version is 1.12.7
2026-05-22 03:08:17 App is up to date.
2026-05-22 04:08:16 Checking for update using Github
2026-05-22 04:08:16 Success.
2026-05-22 04:08:16 Latest version is 1.12.7
2026-05-22 04:08:16 App is up to date.
2026-05-22 05:08:16 Checking for update using Github
2026-05-22 05:08:16 Success.
2026-05-22 05:08:16 Latest version is 1.12.7
2026-05-22 05:08:16 App is up to date.
2026-05-22 06:08:16 Checking for update using Github
2026-05-22 06:08:16 Success.
2026-05-22 06:08:16 Latest version is 1.12.7
2026-05-22 06:08:16 App is up to date.
2026-05-22 07:08:16 Checking for update using Github
2026-05-22 07:08:16 Success.
2026-05-22 07:08:16 Latest version is 1.12.7
2026-05-22 07:08:16 App is up to date.
2026-05-22 08:08:16 Checking for update using Github
2026-05-22 08:08:16 Success.
2026-05-22 08:08:16 Latest version is 1.12.7
2026-05-22 08:08:16 App is up to date.
2026-05-22 09:08:16 Checking for update using Github
2026-05-22 09:08:16 Success.
2026-05-22 09:08:16 Latest version is 1.12.7
2026-05-22 09:08:16 App is up to date.
2026-05-22 10:08:16 Checking for update using Github
2026-05-22 10:08:16 Success.
2026-05-22 10:08:16 Latest version is 1.12.7
2026-05-22 10:08:16 App is up to date.
2026-05-22 11:08:16 Checking for update using Github
2026-05-22 11:08:16 Success.
2026-05-22 11:08:16 Latest version is 1.12.7
2026-05-22 11:08:16 App is up to date.
2026-05-22 12:08:16 Checking for update using Github
2026-05-22 12:08:16 Success.
2026-05-22 12:08:16 Latest version is 1.12.7
2026-05-22 12:08:16 App is up to date.
2026-05-22 13:08:16 Checking for update using Github
2026-05-22 13:08:17 Success.
2026-05-22 13:08:17 Latest version is 1.12.7
2026-05-22 13:08:17 App is up to date.
2026-05-23 12:37:58 Loaded main app package /usr/lib/obsidian/obsidian.asar
2026-05-23 12:37:58 Checking for update using Github
2026-05-23 12:37:59 Success.
2026-05-23 12:37:59 Latest version is 1.12.7
2026-05-23 12:37:59 App is up to date.
2026-05-23 22:21:02 Loaded main app package /usr/lib/obsidian/obsidian.asar
2026-05-23 22:21:03 Checking for update using Github
2026-05-23 22:21:04 Success.
2026-05-23 22:21:04 Latest version is 1.12.7
2026-05-23 22:21:04 App is up to date.
2026-05-24 07:52:19 Loaded main app package /usr/lib/obsidian/obsidian.asar
2026-05-24 07:52:21 Checking for update using Github
2026-05-24 07:52:22 Success.
2026-05-24 07:52:22 Latest version is 1.12.7
2026-05-24 07:52:22 App is up to date.
2026-05-24 15:55:23 Loaded main app package /usr/lib/obsidian/obsidian.asar
2026-05-24 15:55:23 Checking for update using Github
2026-05-24 15:55:24 Success.
2026-05-24 15:55:24 Latest version is 1.12.7
2026-05-24 15:55:24 App is up to date.
2026-05-25 05:37:28 Loaded main app package /usr/lib/obsidian/obsidian.asar
2026-05-25 05:37:28 Checking for update using Github
2026-05-25 05:37:29 Success.
2026-05-25 05:37:29 Latest version is 1.12.7
2026-05-25 05:37:29 App is up to date.
2026-05-25 05:44:41 Loaded main app package /usr/lib/obsidian/obsidian.asar
2026-05-25 06:23:47 Loaded main app package /usr/lib/obsidian/obsidian.asar
2026-05-25 06:23:48 Checking for update using Github
2026-05-25 06:23:49 Success.
2026-05-25 06:23:49 Latest version is 1.12.7
2026-05-25 06:23:49 App is up to date.
2026-05-25 07:23:47 Checking for update using Github
2026-05-25 07:23:47 Success.
2026-05-25 07:23:47 Latest version is 1.12.7
2026-05-25 07:23:47 App is up to date.
2026-05-25 08:00:10 Loaded main app package /usr/lib/obsidian/obsidian.asar
2026-05-25 08:00:11 Checking for update using Github
2026-05-25 08:00:11 Success.
2026-05-25 08:00:11 Latest version is 1.12.7
2026-05-25 08:00:11 App is up to date.
2026-05-25 08:00:27 Loaded main app package /usr/lib/obsidian/obsidian.asar
2026-05-25 08:00:27 Checking for update using Github
2026-05-25 08:00:27 Success.
2026-05-25 08:00:27 Latest version is 1.12.7
2026-05-25 08:00:27 App is up to date.
2026-05-25 08:00:36 Loaded main app package /usr/lib/obsidian/obsidian.asar
2026-05-25 08:00:36 Checking for update using Github
2026-05-25 08:00:36 Success.
2026-05-25 08:00:36 Latest version is 1.12.7
2026-05-25 08:00:36 App is up to date.
2026-05-25 08:00:51 Loaded main app package /usr/lib/obsidian/obsidian.asar
2026-05-25 08:00:52 Checking for update using Github
2026-05-25 08:00:52 Success.
2026-05-25 08:00:52 Latest version is 1.12.7
2026-05-25 08:00:52 App is up to date.
2026-05-25 08:01:05 Loaded main app package /usr/lib/obsidian/obsidian.asar
2026-05-25 08:01:05 Checking for update using Github
2026-05-25 08:01:05 Success.
2026-05-25 08:01:05 Latest version is 1.12.7
2026-05-25 08:01:05 App is up to date.
2026-05-25 08:01:29 Loaded main app package /usr/lib/obsidian/obsidian.asar
2026-05-25 08:01:30 Checking for update using Github
2026-05-25 08:01:30 Success.
2026-05-25 08:01:30 Latest version is 1.12.7
2026-05-25 08:01:30 App is up to date.
2026-05-25 08:01:42 Loaded main app package /usr/lib/obsidian/obsidian.asar
2026-05-25 08:01:42 Checking for update using Github
2026-05-25 08:01:43 Success.
2026-05-25 08:01:43 Latest version is 1.12.7
2026-05-25 08:01:43 App is up to date.
2026-05-25 08:02:10 Loaded main app package /usr/lib/obsidian/obsidian.asar
2026-05-25 08:02:11 Checking for update using Github
2026-05-25 08:02:11 Success.
2026-05-25 08:02:11 Latest version is 1.12.7
2026-05-25 08:02:11 App is up to date.
2026-05-25 08:02:28 Loaded main app package /usr/lib/obsidian/obsidian.asar
2026-05-25 08:02:28 Checking for update using Github
2026-05-25 08:02:28 Success.
2026-05-25 08:02:28 Latest version is 1.12.7
2026-05-25 08:02:28 App is up to date.
2026-05-25 08:02:47 Loaded main app package /usr/lib/obsidian/obsidian.asar
2026-05-25 08:02:47 Checking for update using Github
2026-05-25 08:02:47 Success.
2026-05-25 08:02:47 Latest version is 1.12.7
2026-05-25 08:02:47 App is up to date.
2026-05-25 08:03:02 Loaded main app package /usr/lib/obsidian/obsidian.asar
2026-05-25 08:03:03 Checking for update using Github
2026-05-25 08:03:03 Success.
2026-05-25 08:03:03 Latest version is 1.12.7
2026-05-25 08:03:03 App is up to date.
2026-05-25 08:03:14 Loaded main app package /usr/lib/obsidian/obsidian.asar
2026-05-25 08:03:15 Checking for update using Github
2026-05-25 08:03:15 Success.
2026-05-25 08:03:15 Latest version is 1.12.7
2026-05-25 08:03:15 App is up to date.
2026-05-25 08:03:23 Loaded main app package /usr/lib/obsidian/obsidian.asar
2026-05-25 08:03:24 Checking for update using Github
2026-05-25 08:03:24 Success.
2026-05-25 08:03:24 Latest version is 1.12.7
2026-05-25 08:03:24 App is up to date.
2026-05-25 08:03:35 Loaded main app package /usr/lib/obsidian/obsidian.asar
2026-05-25 08:03:35 Checking for update using Github
2026-05-25 08:03:35 Success.
2026-05-25 08:03:35 Latest version is 1.12.7
2026-05-25 08:03:35 App is up to date.
2026-05-25 08:03:52 Loaded main app package /usr/lib/obsidian/obsidian.asar
2026-05-25 08:03:52 Checking for update using Github
2026-05-25 08:03:53 Success.
2026-05-25 08:03:53 Latest version is 1.12.7
2026-05-25 08:03:53 App is up to date.
2026-05-25 08:04:05 Loaded main app package /usr/lib/obsidian/obsidian.asar
2026-05-25 08:04:05 Checking for update using Github
2026-05-25 08:04:05 Success.
2026-05-25 08:04:05 Latest version is 1.12.7
2026-05-25 08:04:05 App is up to date.
2026-05-25 08:04:20 Loaded main app package /usr/lib/obsidian/obsidian.asar
2026-05-25 08:04:20 Checking for update using Github
2026-05-25 08:04:20 Success.
2026-05-25 08:04:20 Latest version is 1.12.7
2026-05-25 08:04:20 App is up to date.
2026-05-25 08:04:31 Loaded main app package /usr/lib/obsidian/obsidian.asar
2026-05-25 08:04:32 Checking for update using Github
2026-05-25 08:04:32 Success.
2026-05-25 08:04:32 Latest version is 1.12.7
2026-05-25 08:04:32 App is up to date.
2026-05-25 08:04:42 Loaded main app package /usr/lib/obsidian/obsidian.asar
2026-05-25 08:04:42 Checking for update using Github
2026-05-25 08:04:42 Success.
2026-05-25 08:04:42 Latest version is 1.12.7
2026-05-25 08:04:42 App is up to date.
2026-05-25 08:04:50 Loaded main app package /usr/lib/obsidian/obsidian.asar
2026-05-25 08:04:51 Checking for update using Github
2026-05-25 08:04:51 Success.
2026-05-25 08:04:51 Latest version is 1.12.7
2026-05-25 08:04:51 App is up to date.
2026-05-25 09:04:50 Checking for update using Github
2026-05-25 09:04:50 Success.
2026-05-25 09:04:50 Latest version is 1.12.7
2026-05-25 09:04:50 App is up to date.
2026-05-25 10:04:50 Checking for update using Github
2026-05-25 10:04:50 Success.
2026-05-25 10:04:50 Latest version is 1.12.7
2026-05-25 10:04:50 App is up to date.
2026-05-25 11:04:50 Checking for update using Github
2026-05-25 11:04:50 Success.
2026-05-25 11:04:50 Latest version is 1.12.7
2026-05-25 11:04:50 App is up to date.
2026-05-25 11:42:30 Loaded main app package /usr/lib/obsidian/obsidian.asar
2026-05-25 11:43:04 Loaded main app package /usr/lib/obsidian/obsidian.asar
2026-05-25 11:43:05 Checking for update using Github
2026-05-25 11:43:05 Success.
2026-05-25 11:43:05 Latest version is 1.12.7
2026-05-25 11:43:05 App is up to date.
2026-05-25 12:43:04 Checking for update using Github
2026-05-25 12:43:04 Success.
2026-05-25 12:43:04 Latest version is 1.12.7
2026-05-25 12:43:04 App is up to date.
2026-05-25 13:05:02 Loaded main app package /usr/lib/obsidian/obsidian.asar
2026-05-25 13:05:27 Loaded main app package /usr/lib/obsidian/obsidian.asar
2026-05-25 13:05:35 Loaded main app package /usr/lib/obsidian/obsidian.asar
2026-05-25 13:45:28 Loaded main app package /usr/lib/obsidian/obsidian.asar
2026-05-25 13:45:28 Checking for update using Github
2026-05-25 13:45:29 Success.
2026-05-25 13:45:29 Latest version is 1.12.7
2026-05-25 13:45:29 App is up to date.
2026-05-25 23:53:26 Loaded main app package /usr/lib/obsidian/obsidian.asar
2026-05-25 23:53:28 Checking for update using Github
2026-05-25 23:53:30 Success.
2026-05-25 23:53:30 Latest version is 1.12.7
2026-05-25 23:53:30 App is up to date.
2026-05-26 00:53:25 Checking for update using Github
2026-05-26 00:53:26 Success.
2026-05-26 00:53:26 Latest version is 1.12.7
2026-05-26 00:53:26 App is up to date.
2026-05-26 01:53:26 Checking for update using Github
2026-05-26 01:53:26 Success.
2026-05-26 01:53:26 Latest version is 1.12.7
2026-05-26 01:53:26 App is up to date.
2026-05-26 02:53:26 Checking for update using Github
2026-05-26 02:53:26 Success.
2026-05-26 02:53:26 Latest version is 1.12.7
2026-05-26 02:53:26 App is up to date.
2026-05-26 03:53:26 Checking for update using Github
2026-05-26 03:53:26 Success.
2026-05-26 03:53:26 Latest version is 1.12.7
2026-05-26 03:53:26 App is up to date.
2026-05-26 04:35:06 Loaded main app package /usr/lib/obsidian/obsidian.asar
2026-05-26 04:35:10 Loaded main app package /usr/lib/obsidian/obsidian.asar
2026-05-26 04:53:26 Checking for update using Github
2026-05-26 04:53:26 Success.
2026-05-26 04:53:26 Latest version is 1.12.7
2026-05-26 04:53:26 App is up to date.
2026-05-26 05:24:18 Loaded main app package /usr/lib/obsidian/obsidian.asar
2026-05-26 05:24:18 Checking for update using Github
2026-05-26 05:24:19 Success.
2026-05-26 05:24:19 Latest version is 1.12.7
2026-05-26 05:24:19 App is up to date.
2026-05-26 06:31:01 Loaded main app package /usr/lib/obsidian/obsidian.asar
2026-05-26 06:31:03 Checking for update using Github
2026-05-26 06:31:04 Success.
2026-05-26 06:31:04 Latest version is 1.12.7
2026-05-26 06:31:04 App is up to date.
2026-05-26 07:31:00 Checking for update using Github
2026-05-26 07:31:00 Success.
2026-05-26 07:31:00 Latest version is 1.12.7
2026-05-26 07:31:00 App is up to date.
2026-05-26 08:31:00 Checking for update using Github
2026-05-26 08:31:00 Success.
2026-05-26 08:31:00 Latest version is 1.12.7
2026-05-26 08:31:00 App is up to date.
2026-05-26 09:19:27 Loaded main app package /usr/lib/obsidian/obsidian.asar
2026-05-26 09:19:28 Checking for update using Github
2026-05-26 09:19:29 Success.
2026-05-26 09:19:29 Latest version is 1.12.7
2026-05-26 09:19:29 App is up to date.
2026-05-26 09:30:41 Loaded main app package /usr/lib/obsidian/obsidian.asar
2026-05-26 09:30:41 Checking for update using Github
2026-05-26 09:30:41 Success.
2026-05-26 09:30:41 Latest version is 1.12.7
2026-05-26 09:30:41 App is up to date.
2026-05-26 09:43:31 Loaded main app package /usr/lib/obsidian/obsidian.asar
2026-05-26 09:43:32 Loaded main app package /usr/lib/obsidian/obsidian.asar
2026-05-26 10:30:40 Checking for update using Github
2026-05-26 10:30:40 Success.
2026-05-26 10:30:40 Latest version is 1.12.7
2026-05-26 10:30:40 App is up to date.
2026-05-26 11:25:57 Loaded main app package /usr/lib/obsidian/obsidian.asar
2026-05-26 11:25:57 Checking for update using Github
2026-05-26 11:25:58 Success.
2026-05-26 11:25:58 Latest version is 1.12.7
2026-05-26 11:25:58 App is up to date.
2026-05-27 01:19:42 Loaded main app package /usr/lib/obsidian/obsidian.asar
2026-05-27 01:19:43 Checking for update using Github
2026-05-27 01:19:44 Success.
2026-05-27 01:19:44 Latest version is 1.12.7
2026-05-27 01:19:44 App is up to date.
2026-05-27 01:19:47 Loaded main app package /usr/lib/obsidian/obsidian.asar
2026-05-27 02:19:42 Checking for update using Github
2026-05-27 02:19:42 Success.
2026-05-27 02:19:42 Latest version is 1.12.7
2026-05-27 02:19:42 App is up to date.
2026-05-27 03:19:42 Checking for update using Github
2026-05-27 03:19:42 Success.
2026-05-27 03:19:42 Latest version is 1.12.7
2026-05-27 03:19:42 App is up to date.
2026-05-27 04:19:42 Checking for update using Github
2026-05-27 04:19:42 Success.
2026-05-27 04:19:42 Latest version is 1.12.7
2026-05-27 04:19:42 App is up to date.
2026-05-27 05:19:42 Checking for update using Github
2026-05-27 05:19:42 Success.
2026-05-27 05:19:42 Latest version is 1.12.7
2026-05-27 05:19:42 App is up to date.
2026-05-27 05:55:31 Loaded main app package /usr/lib/obsidian/obsidian.asar
2026-05-27 06:19:42 Checking for update using Github
2026-05-27 06:19:42 Success.
2026-05-27 06:19:42 Latest version is 1.12.7
2026-05-27 06:19:42 App is up to date.
2026-05-29 10:56:08 Loaded main app package /usr/lib/obsidian/obsidian.asar
2026-05-29 10:56:09 Checking for update using Github
2026-05-29 10:56:09 Success.
2026-05-29 10:56:09 Latest version is 1.12.7
2026-05-29 10:56:09 App is up to date.
2026-05-29 11:56:08 Checking for update using Github
2026-05-29 11:56:08 Success.
2026-05-29 11:56:08 Latest version is 1.12.7
2026-05-29 11:56:08 App is up to date.
2026-05-30 13:01:57 Loaded main app package /usr/lib/obsidian/obsidian.asar
2026-05-30 13:01:58 Checking for update using Github
2026-05-30 13:01:58 Success.
2026-05-30 13:01:58 Latest version is 1.12.7
2026-05-30 13:01:58 App is up to date.
2026-05-30 23:10:32 Loaded main app package /usr/lib/obsidian/obsidian.asar
2026-05-30 23:10:33 Checking for update using Github
2026-05-30 23:10:33 Success.
2026-05-30 23:10:33 Latest version is 1.12.7
2026-05-30 23:10:33 App is up to date.
2026-05-31 02:52:33 Loaded main app package /usr/lib/obsidian/obsidian.asar
2026-05-31 02:52:34 Checking for update using Github
2026-05-31 02:52:35 Success.
2026-05-31 02:52:35 Latest version is 1.12.7
2026-05-31 02:52:35 App is up to date.
2026-05-31 03:52:33 Checking for update using Github
2026-05-31 03:52:33 Success.
2026-05-31 03:52:33 Latest version is 1.12.7
2026-05-31 03:52:33 App is up to date.
2026-05-31 13:06:04 Loaded main app package /usr/lib/obsidian/obsidian.asar
2026-05-31 13:06:06 Checking for update using Github
2026-05-31 13:06:07 Success.
2026-05-31 13:06:07 Latest version is 1.12.7
2026-05-31 13:06:07 App is up to date.
2026-05-31 13:46:20 Loaded main app package /usr/lib/obsidian/obsidian.asar
2026-05-31 13:46:21 Checking for update using Github
2026-05-31 13:46:21 Success.
2026-05-31 13:46:21 Latest version is 1.12.7
2026-05-31 13:46:21 App is up to date.
2026-06-01 10:48:19 Loaded main app package /usr/lib/obsidian/obsidian.asar
2026-06-01 10:48:21 Checking for update using Github
2026-06-01 10:48:22 Success.
2026-06-01 10:48:22 Latest version is 1.12.7
2026-06-01 10:48:22 App is up to date.
2026-06-01 11:48:19 Checking for update using Github
2026-06-01 11:48:19 Success.
2026-06-01 11:48:19 Latest version is 1.12.7
2026-06-01 11:48:19 App is up to date.
2026-06-01 12:48:19 Checking for update using Github
2026-06-01 12:48:19 Success.
2026-06-01 12:48:19 Latest version is 1.12.7
2026-06-01 12:48:19 App is up to date.
2026-06-01 13:48:19 Checking for update using Github
2026-06-01 13:48:19 Success.
2026-06-01 13:48:19 Latest version is 1.12.7
2026-06-01 13:48:19 App is up to date.
2026-06-02 13:10:57 Loaded main app package /usr/lib/obsidian/obsidian.asar
2026-06-02 13:10:57 Checking for update using Github
2026-06-02 13:10:58 Success.
2026-06-02 13:10:58 Latest version is 1.12.7
2026-06-02 13:10:58 App is up to date.
2026-06-02 13:12:49 Loaded main app package /usr/lib/obsidian/obsidian.asar
2026-06-02 13:12:49 Checking for update using Github
2026-06-02 13:12:50 Success.
2026-06-02 13:12:50 Latest version is 1.12.7
2026-06-02 13:12:50 App is up to date.
2026-06-02 14:12:49 Checking for update using Github
2026-06-02 14:12:49 Success.
2026-06-02 14:12:49 Latest version is 1.12.7
2026-06-02 14:12:49 App is up to date.
2026-06-03 10:58:36 Loaded main app package /usr/lib/obsidian/obsidian.asar
2026-06-03 10:58:38 Checking for update using Github
2026-06-03 10:58:39 Success.
2026-06-03 10:58:39 Latest version is 1.12.7
2026-06-03 10:58:39 App is up to date.
2026-06-03 11:58:36 Checking for update using Github
2026-06-03 11:58:36 Success.
2026-06-03 11:58:36 Latest version is 1.12.7
2026-06-03 11:58:36 App is up to date.
2026-06-03 12:58:36 Checking for update using Github
2026-06-03 12:58:36 Success.
2026-06-03 12:58:36 Latest version is 1.12.7
2026-06-03 12:58:36 App is up to date.
2026-06-04 03:13:02 Loaded main app package /usr/lib/obsidian/obsidian.asar
2026-06-04 03:13:03 Checking for update using Github
2026-06-04 03:13:03 Success.
2026-06-04 03:13:03 Latest version is 1.12.7
2026-06-04 03:13:03 App is up to date.
2026-06-04 04:13:02 Checking for update using Github
2026-06-04 04:13:02 Success.
2026-06-04 04:13:02 Latest version is 1.12.7
2026-06-04 04:13:02 App is up to date.
2026-06-04 05:13:02 Checking for update using Github
2026-06-04 05:13:02 Success.
2026-06-04 05:13:02 Latest version is 1.12.7
2026-06-04 05:13:02 App is up to date.
2026-06-04 06:13:02 Checking for update using Github
2026-06-04 06:13:03 Success.
2026-06-04 06:13:03 Latest version is 1.12.7
2026-06-04 06:13:03 App is up to date.
2026-06-04 07:13:02 Checking for update using Github
2026-06-04 07:13:02 Success.
2026-06-04 07:13:02 Latest version is 1.12.7
2026-06-04 07:13:02 App is up to date.
2026-06-04 08:13:02 Checking for update using Github
2026-06-04 08:13:02 Success.
2026-06-04 08:13:02 Latest version is 1.12.7
2026-06-04 08:13:02 App is up to date.
2026-06-04 09:13:02 Checking for update using Github
2026-06-04 09:13:03 Success.
2026-06-04 09:13:03 Latest version is 1.12.7
2026-06-04 09:13:03 App is up to date.
2026-06-04 10:13:03 Checking for update using Github
2026-06-04 10:13:03 Success.
2026-06-04 10:13:03 Latest version is 1.12.7
2026-06-04 10:13:03 App is up to date.
2026-06-04 11:13:03 Checking for update using Github
2026-06-04 11:13:03 Success.
2026-06-04 11:13:03 Latest version is 1.12.7
2026-06-04 11:13:03 App is up to date.
2026-06-04 12:13:03 Checking for update using Github
2026-06-04 12:13:03 Success.
2026-06-04 12:13:03 Latest version is 1.12.7
2026-06-04 12:13:03 App is up to date.
2026-06-04 13:13:03 Checking for update using Github
2026-06-04 13:13:03 Success.
2026-06-04 13:13:03 Latest version is 1.12.7
2026-06-04 13:13:03 App is up to date.
2026-06-05 07:38:59 Loaded main app package /usr/lib/obsidian/obsidian.asar
2026-06-05 07:39:02 Checking for update using Github
2026-06-05 07:39:03 Success.
2026-06-05 07:39:03 Latest version is 1.12.7
2026-06-05 07:39:03 App is up to date.
2026-06-05 08:38:59 Checking for update using Github
2026-06-05 08:38:59 Success.
2026-06-05 08:38:59 Latest version is 1.12.7
2026-06-05 08:38:59 App is up to date.
2026-06-05 09:38:59 Checking for update using Github
2026-06-05 09:38:59 Success.
2026-06-05 09:38:59 Latest version is 1.12.7
2026-06-05 09:38:59 App is up to date.
2026-06-05 10:38:59 Checking for update using Github
2026-06-05 10:38:59 Success.
2026-06-05 10:38:59 Latest version is 1.12.7
2026-06-05 10:38:59 App is up to date.
2026-06-05 11:38:59 Checking for update using Github
2026-06-05 11:38:59 Success.
2026-06-05 11:38:59 Latest version is 1.12.7
2026-06-05 11:38:59 App is up to date.
2026-06-05 12:38:59 Checking for update using Github
2026-06-05 12:39:00 Success.
2026-06-05 12:39:00 Latest version is 1.12.7
2026-06-05 12:39:00 App is up to date.
2026-06-06 01:05:15 Loaded main app package /usr/lib/obsidian/obsidian.asar
2026-06-06 01:05:15 Checking for update using Github
2026-06-06 01:05:16 Success.
2026-06-06 01:05:16 Latest version is 1.12.7
2026-06-06 01:05:16 App is up to date.
2026-06-06 02:05:15 Checking for update using Github
2026-06-06 02:05:15 Success.
2026-06-06 02:05:15 Latest version is 1.12.7
2026-06-06 02:05:15 App is up to date.
2026-06-07 03:24:26 Loaded main app package /usr/lib/obsidian/obsidian.asar
2026-06-07 03:24:27 Checking for update using Github
2026-06-07 03:24:29 Success.
2026-06-07 03:24:29 Latest version is 1.12.7
2026-06-07 03:24:29 App is up to date.
2026-06-07 04:24:26 Checking for update using Github
2026-06-07 04:24:26 Success.
2026-06-07 04:24:26 Latest version is 1.12.7
2026-06-07 04:24:26 App is up to date.
2026-06-07 05:24:26 Checking for update using Github
2026-06-07 05:24:26 Success.
2026-06-07 05:24:26 Latest version is 1.12.7
2026-06-07 05:24:26 App is up to date.
2026-06-07 06:26:50 Loaded main app package /usr/lib/obsidian/obsidian.asar
2026-06-07 06:26:51 Checking for update using Github
2026-06-07 06:26:52 Success.
2026-06-07 06:26:52 Latest version is 1.12.7
2026-06-07 06:26:52 App is up to date.
2026-06-07 06:26:57 Loaded main app package /usr/lib/obsidian/obsidian.asar
2026-06-07 07:26:50 Checking for update using Github
2026-06-07 07:26:50 Success.
2026-06-07 07:26:50 Latest version is 1.12.7
2026-06-07 07:26:50 App is up to date.
2026-06-07 12:21:41 Loaded main app package /usr/lib/obsidian/obsidian.asar
2026-06-07 12:21:42 Checking for update using Github
2026-06-07 12:21:42 Success.
2026-06-07 12:21:42 Latest version is 1.12.7
2026-06-07 12:21:42 App is up to date.
2026-06-07 14:26:21 Loaded main app package /usr/lib/obsidian/obsidian.asar
2026-06-07 14:26:21 Checking for update using Github
2026-06-07 14:26:22 Success.
2026-06-07 14:26:22 Latest version is 1.12.7
2026-06-07 14:26:22 App is up to date.
2026-06-07 14:31:14 Loaded main app package /usr/lib/obsidian/obsidian.asar
2026-06-07 14:31:15 Checking for update using Github
2026-06-07 14:31:15 Success.
2026-06-07 14:31:15 Latest version is 1.12.7
2026-06-07 14:31:15 App is up to date.
2026-06-08 06:38:36 Loaded main app package /usr/lib/obsidian/obsidian.asar
2026-06-08 06:38:37 Checking for update using Github
2026-06-08 06:38:37 Success.
2026-06-08 06:38:37 Latest version is 1.12.7
2026-06-08 06:38:37 App is up to date.
2026-06-08 07:38:36 Checking for update using Github
2026-06-08 07:38:36 Success.
2026-06-08 07:38:36 Latest version is 1.12.7
2026-06-08 07:38:36 App is up to date.
2026-06-08 08:38:36 Checking for update using Github
2026-06-08 08:38:36 Success.
2026-06-08 08:38:36 Latest version is 1.12.7
2026-06-08 08:38:36 App is up to date.
2026-06-08 09:38:36 Checking for update using Github
2026-06-08 09:38:36 Success.
2026-06-08 09:38:36 Latest version is 1.12.7
2026-06-08 09:38:36 App is up to date.
2026-06-08 10:38:36 Checking for update using Github
2026-06-08 10:38:36 Success.
2026-06-08 10:38:36 Latest version is 1.12.7
2026-06-08 10:38:36 App is up to date.
2026-06-08 11:38:36 Checking for update using Github
2026-06-08 11:38:36 Success.
2026-06-08 11:38:36 Latest version is 1.12.7
2026-06-08 11:38:36 App is up to date.
2026-06-09 03:47:40 Loaded main app package /usr/lib/obsidian/obsidian.asar
2026-06-09 03:47:41 Checking for update using Github
2026-06-09 03:47:43 Success.
2026-06-09 03:47:43 Latest version is 1.12.7
2026-06-09 03:47:43 App is up to date.
2026-06-09 04:47:39 Checking for update using Github
2026-06-09 04:47:39 Success.
2026-06-09 04:47:39 Latest version is 1.12.7
2026-06-09 04:47:39 App is up to date.
2026-06-09 05:47:39 Checking for update using Github
2026-06-09 05:47:39 Success.
2026-06-09 05:47:39 Latest version is 1.12.7
2026-06-09 05:47:39 App is up to date.
2026-06-09 06:47:40 Checking for update using Github
2026-06-09 06:47:40 Success.
2026-06-09 06:47:40 Latest version is 1.12.7
2026-06-09 06:47:40 App is up to date.
2026-06-09 07:47:40 Checking for update using Github
2026-06-09 07:47:40 Success.
2026-06-09 07:47:40 Latest version is 1.12.7
2026-06-09 07:47:40 App is up to date.
2026-06-09 08:47:40 Checking for update using Github
2026-06-09 08:47:40 Success.
2026-06-09 08:47:40 Latest version is 1.12.7
2026-06-09 08:47:40 App is up to date.
2026-06-09 09:47:40 Checking for update using Github
2026-06-09 09:47:40 Success.
2026-06-09 09:47:40 Latest version is 1.12.7
2026-06-09 09:47:40 App is up to date.
2026-06-09 10:47:40 Checking for update using Github
2026-06-09 10:47:40 Success.
2026-06-09 10:47:40 Latest version is 1.12.7
2026-06-09 10:47:40 App is up to date.
2026-06-09 11:47:40 Checking for update using Github
2026-06-09 11:47:40 Success.
2026-06-09 11:47:40 Latest version is 1.12.7
2026-06-09 11:47:40 App is up to date.
2026-06-09 12:05:28 Loaded main app package /usr/lib/obsidian/obsidian.asar
2026-06-09 12:05:30 Checking for update using Github
2026-06-09 12:05:31 Success.
2026-06-09 12:05:31 Latest version is 1.12.7
2026-06-09 12:05:31 App is up to date.
2026-06-09 13:05:28 Checking for update using Github
2026-06-09 13:05:28 Success.
2026-06-09 13:05:28 Latest version is 1.12.7
2026-06-09 13:05:28 App is up to date.
2026-06-10 08:15:31 Loaded main app package /usr/lib/obsidian/obsidian.asar
2026-06-10 08:15:31 Checking for update using Github
2026-06-10 08:15:32 Success.
2026-06-10 08:15:32 Latest version is 1.12.7
2026-06-10 08:15:32 App is up to date.
2026-06-10 09:15:31 Checking for update using Github
2026-06-10 09:15:31 Success.
2026-06-10 09:15:31 Latest version is 1.12.7
2026-06-10 09:15:31 App is up to date.
2026-06-10 11:58:04 Loaded main app package /usr/lib/obsidian/obsidian.asar
2026-06-10 11:58:04 Checking for update using Github
2026-06-10 11:58:05 Success.
2026-06-10 11:58:05 Latest version is 1.12.7
2026-06-10 11:58:05 App is up to date.
2026-06-10 12:58:03 Checking for update using Github
2026-06-10 12:58:04 Success.
2026-06-10 12:58:04 Latest version is 1.12.7
2026-06-10 12:58:04 App is up to date.
2026-06-13 10:06:58 Loaded main app package /usr/lib/obsidian/obsidian.asar
2026-06-13 10:06:59 Checking for update using Github
2026-06-13 10:06:59 Success.
2026-06-13 10:06:59 Latest version is 1.12.7
2026-06-13 10:06:59 App is up to date.
2026-06-13 10:07:08 Loaded main app package /usr/lib/obsidian/obsidian.asar
2026-06-13 10:07:08 Checking for update using Github
2026-06-13 10:07:09 Success.
2026-06-13 10:07:09 Latest version is 1.12.7
2026-06-13 10:07:09 App is up to date.
2026-06-13 11:07:08 Checking for update using Github
2026-06-13 11:07:08 Success.
2026-06-13 11:07:08 Latest version is 1.12.7
2026-06-13 11:07:08 App is up to date.
2026-06-13 12:07:08 Checking for update using Github
2026-06-13 12:07:08 Success.
2026-06-13 12:07:08 Latest version is 1.12.7
2026-06-13 12:07:08 App is up to date.
2026-06-14 07:19:25 Loaded main app package /usr/lib/obsidian/obsidian.asar
2026-06-14 07:19:26 Checking for update using Github
2026-06-14 07:19:26 Success.
2026-06-14 07:19:26 Latest version is 1.12.7
2026-06-14 07:19:26 App is up to date.
2026-06-14 08:19:25 Checking for update using Github
2026-06-14 08:19:25 Success.
2026-06-14 08:19:25 Latest version is 1.12.7
2026-06-14 08:19:25 App is up to date.
2026-06-14 09:19:25 Checking for update using Github
2026-06-14 09:19:25 Success.
2026-06-14 09:19:25 Latest version is 1.12.7
2026-06-14 09:19:25 App is up to date.
2026-06-14 10:19:25 Checking for update using Github
2026-06-14 10:19:25 Success.
2026-06-14 10:19:25 Latest version is 1.12.7
2026-06-14 10:19:25 App is up to date.
2026-06-14 11:19:25 Checking for update using Github
2026-06-14 11:19:25 Success.
2026-06-14 11:19:25 Latest version is 1.12.7
2026-06-14 11:19:25 App is up to date.
2026-06-14 11:29:07 Loaded main app package /usr/lib/obsidian/obsidian.asar
2026-06-14 12:19:25 Checking for update using Github
2026-06-14 12:19:25 Success.
2026-06-14 12:19:25 Latest version is 1.12.7
2026-06-14 12:19:25 App is up to date.
2026-06-14 13:19:25 Checking for update using Github
2026-06-14 13:19:25 Success.
2026-06-14 13:19:25 Latest version is 1.12.7
2026-06-14 13:19:25 App is up to date.
2026-06-15 07:58:17 Loaded main app package /usr/lib/obsidian/obsidian.asar
2026-06-15 07:58:17 Checking for update using Github
2026-06-15 07:58:18 Success.
2026-06-15 07:58:18 Latest version is 1.12.7
2026-06-15 07:58:18 App is up to date.
2026-06-15 08:58:17 Checking for update using Github
2026-06-15 08:58:17 Success.
2026-06-15 08:58:17 Latest version is 1.12.7
2026-06-15 08:58:17 App is up to date.
2026-06-15 09:58:17 Checking for update using Github
2026-06-15 09:58:17 Success.
2026-06-15 09:58:17 Latest version is 1.12.7
2026-06-15 09:58:17 App is up to date.
2026-06-15 10:58:17 Checking for update using Github
2026-06-15 10:58:17 Success.
2026-06-15 10:58:17 Latest version is 1.12.7
2026-06-15 10:58:17 App is up to date.
2026-06-15 11:58:17 Checking for update using Github
2026-06-15 11:58:17 Success.
2026-06-15 11:58:17 Latest version is 1.12.7
2026-06-15 11:58:17 App is up to date.
2026-06-15 12:58:17 Checking for update using Github
2026-06-15 12:58:17 Success.
2026-06-15 12:58:17 Latest version is 1.12.7
2026-06-15 12:58:17 App is up to date.
2026-06-16 08:57:11 Loaded main app package /usr/lib/obsidian/obsidian.asar
2026-06-16 08:57:12 Checking for update using Github
2026-06-16 08:57:13 Success.
2026-06-16 08:57:13 Latest version is 1.12.7
2026-06-16 08:57:13 App is up to date.
2026-06-16 09:57:11 Checking for update using Github
2026-06-16 09:57:11 Success.
2026-06-16 09:57:11 Latest version is 1.12.7
2026-06-16 09:57:11 App is up to date.
2026-06-16 10:57:11 Checking for update using Github
2026-06-16 10:57:11 Success.
2026-06-16 10:57:11 Latest version is 1.12.7
2026-06-16 10:57:11 App is up to date.
2026-06-16 11:57:11 Checking for update using Github
2026-06-16 11:57:11 Success.
2026-06-16 11:57:11 Latest version is 1.12.7
2026-06-16 11:57:11 App is up to date.
2026-06-16 12:57:11 Checking for update using Github
2026-06-16 12:57:11 Success.
2026-06-16 12:57:11 Latest version is 1.12.7
2026-06-16 12:57:11 App is up to date.
2026-06-17 08:11:40 Loaded main app package /usr/lib/obsidian/obsidian.asar
2026-06-17 08:11:40 Checking for update using Github
2026-06-17 08:11:41 Success.
2026-06-17 08:11:41 Latest version is 1.12.7
2026-06-17 08:11:41 App is up to date.
2026-06-17 09:11:40 Checking for update using Github
2026-06-17 09:11:40 Success.
2026-06-17 09:11:40 Latest version is 1.12.7
2026-06-17 09:11:40 App is up to date.
2026-06-17 10:11:40 Checking for update using Github
2026-06-17 10:11:40 Success.
2026-06-17 10:11:40 Latest version is 1.12.7
2026-06-17 10:11:40 App is up to date.
2026-06-17 11:11:40 Checking for update using Github
2026-06-17 11:11:40 Success.
2026-06-17 11:11:40 Latest version is 1.12.7
2026-06-17 11:11:40 App is up to date.
2026-06-17 20:33:09 Loaded main app package /usr/lib/obsidian/obsidian.asar
2026-06-17 20:33:10 Checking for update using Github
2026-06-17 20:33:11 Success.
2026-06-17 20:33:11 Latest version is 1.12.7
2026-06-17 20:33:11 App is up to date.
2026-06-17 21:33:09 Checking for update using Github
2026-06-17 21:33:09 Success.
2026-06-17 21:33:09 Latest version is 1.12.7
2026-06-17 21:33:09 App is up to date.
2026-06-17 22:33:09 Checking for update using Github
2026-06-17 22:33:09 Success.
2026-06-17 22:33:09 Latest version is 1.12.7
2026-06-17 22:33:09 App is up to date.
2026-06-18 09:13:00 Loaded main app package /usr/lib/obsidian/obsidian.asar
2026-06-18 09:13:01 Checking for update using Github
2026-06-18 09:13:02 Success.
2026-06-18 09:13:02 Latest version is 1.12.7
2026-06-18 09:13:02 App is up to date.
2026-06-18 10:12:59 Checking for update using Github
2026-06-18 10:12:59 Success.
2026-06-18 10:12:59 Latest version is 1.12.7
2026-06-18 10:12:59 App is up to date.
2026-06-18 11:12:59 Checking for update using Github
2026-06-18 11:12:59 Success.
2026-06-18 11:12:59 Latest version is 1.12.7
2026-06-18 11:12:59 App is up to date.
2026-06-20 06:03:34 Loaded main app package /usr/lib/obsidian/obsidian.asar
2026-06-20 06:03:35 Checking for update using Github
2026-06-20 06:03:35 Success.
2026-06-20 06:03:35 Latest version is 1.12.7
2026-06-20 06:03:35 App is up to date.
2026-06-20 12:49:57 Loaded main app package /usr/lib/obsidian/obsidian.asar
2026-06-20 12:49:58 Checking for update using Github
2026-06-20 12:49:58 Success.
2026-06-20 12:49:58 Latest version is 1.12.7
2026-06-20 12:49:58 App is up to date.
2026-06-20 13:10:06 Loaded main app package /usr/lib/obsidian/obsidian.asar
2026-06-20 13:10:08 Loaded main app package /usr/lib/obsidian/obsidian.asar
2026-06-21 04:59:29 Loaded main app package /usr/lib/obsidian/obsidian.asar
2026-06-21 04:59:30 Checking for update using Github
2026-06-21 04:59:30 Success.
2026-06-21 04:59:30 Latest version is 1.12.7
2026-06-21 04:59:30 App is up to date.
2026-06-21 07:43:15 Loaded main app package /usr/lib/obsidian/obsidian.asar
2026-06-21 07:43:16 Checking for update using Github
2026-06-21 07:43:16 Failed to check for update using Github (net::ERR_NAME_NOT_RESOLVED)
2026-06-21 07:43:16 Checking for update using obsidian.md
2026-06-21 07:43:16 Failed to check for update using obsidian.md (net::ERR_NAME_NOT_RESOLVED)
2026-06-21 08:43:15 Checking for update using Github
2026-06-21 08:43:15 Failed to check for update using Github (net::ERR_NAME_NOT_RESOLVED)
2026-06-21 08:43:15 Checking for update using obsidian.md
2026-06-21 08:43:15 Failed to check for update using obsidian.md (net::ERR_NAME_NOT_RESOLVED)
2026-06-21 09:43:15 Checking for update using Github
2026-06-21 09:43:16 Success.
2026-06-21 09:43:16 Latest version is 1.12.7
2026-06-21 09:43:16 App is up to date.
2026-06-21 10:43:15 Checking for update using Github
2026-06-21 10:43:21 Success.
2026-06-21 10:43:21 Latest version is 1.12.7
2026-06-21 10:43:21 App is up to date.
2026-06-21 11:43:16 Checking for update using Github
2026-06-21 11:43:16 Failed to check for update using Github (net::ERR_NAME_NOT_RESOLVED)
2026-06-21 11:43:16 Checking for update using obsidian.md
2026-06-21 11:43:16 Failed to check for update using obsidian.md (net::ERR_NAME_NOT_RESOLVED)
2026-06-21 12:43:16 Checking for update using Github
2026-06-21 12:43:17 Success.
2026-06-21 12:43:17 Latest version is 1.12.7
2026-06-21 12:43:17 App is up to date.
2026-06-21 20:37:16 Loaded main app package /usr/lib/obsidian/obsidian.asar
2026-06-21 20:37:18 Checking for update using Github
2026-06-21 20:37:19 Success.
2026-06-21 20:37:19 Latest version is 1.12.7
2026-06-21 20:37:19 App is up to date.
2026-06-21 21:37:16 Checking for update using Github
2026-06-21 21:37:16 Success.
2026-06-21 21:37:16 Latest version is 1.12.7
2026-06-21 21:37:16 App is up to date.
2026-06-21 22:37:16 Checking for update using Github
2026-06-21 22:37:16 Failed to check for update using Github (net::ERR_NAME_NOT_RESOLVED)
2026-06-21 22:37:16 Checking for update using obsidian.md
2026-06-21 22:37:16 Failed to check for update using obsidian.md (net::ERR_NAME_NOT_RESOLVED)
2026-06-22 08:02:41 Loaded main app package /usr/lib/obsidian/obsidian.asar
2026-06-22 08:02:42 Checking for update using Github
2026-06-22 08:02:45 Success.
2026-06-22 08:02:45 Latest version is 1.12.7
2026-06-22 08:02:45 App is up to date.
2026-06-22 09:02:41 Checking for update using Github
2026-06-22 09:02:44 Success.
2026-06-22 09:02:44 Latest version is 1.12.7
2026-06-22 09:02:44 App is up to date.
2026-06-22 10:02:41 Checking for update using Github
2026-06-22 10:02:42 Success.
2026-06-22 10:02:42 Latest version is 1.12.7
2026-06-22 10:02:42 App is up to date.
2026-06-22 11:02:41 Checking for update using Github
2026-06-22 11:02:42 Success.
2026-06-22 11:02:42 Latest version is 1.12.7
2026-06-22 11:02:42 App is up to date.
2026-06-22 12:02:42 Checking for update using Github
2026-06-22 12:02:42 Success.
2026-06-22 12:02:42 Latest version is 1.12.7
2026-06-22 12:02:42 App is up to date.
2026-06-22 21:27:29 Loaded main app package /usr/lib/obsidian/obsidian.asar
2026-06-22 21:27:30 Checking for update using Github
2026-06-22 21:27:30 Success.
2026-06-22 21:27:30 Latest version is 1.12.7
2026-06-22 21:27:30 App is up to date.
2026-06-22 22:27:29 Checking for update using Github
2026-06-22 22:27:44 Success.
2026-06-22 22:27:44 Latest version is 1.12.7
2026-06-22 22:27:44 App is up to date.
2026-06-23 07:54:40 Loaded main app package /usr/lib/obsidian/obsidian.asar
2026-06-23 07:54:41 Checking for update using Github
2026-06-23 07:54:41 Success.
2026-06-23 07:54:41 Latest version is 1.12.7
2026-06-23 07:54:41 App is up to date.
2026-06-23 08:54:40 Checking for update using Github
2026-06-23 08:54:40 Success.
2026-06-23 08:54:40 Latest version is 1.12.7
2026-06-23 08:54:40 App is up to date.
2026-06-23 09:54:40 Checking for update using Github
2026-06-23 09:54:41 Success.
2026-06-23 09:54:41 Latest version is 1.12.7
2026-06-23 09:54:41 App is up to date.
2026-06-23 10:54:40 Checking for update using Github
2026-06-23 10:54:40 Failed to check for update using Github (net::ERR_NAME_NOT_RESOLVED)
2026-06-23 10:54:40 Checking for update using obsidian.md
2026-06-23 10:54:40 Failed to check for update using obsidian.md (net::ERR_NAME_NOT_RESOLVED)
2026-06-23 11:54:40 Checking for update using Github
2026-06-23 11:54:43 Success.
2026-06-23 11:54:43 Latest version is 1.12.7
2026-06-23 11:54:43 App is up to date.
2026-06-23 12:54:40 Checking for update using Github
2026-06-23 12:55:10 Success.
2026-06-23 12:55:10 Latest version is 1.12.7
2026-06-23 12:55:10 App is up to date.
2026-06-24 07:57:39 Loaded main app package /usr/lib/obsidian/obsidian.asar
2026-06-24 07:57:39 Checking for update using Github
2026-06-24 07:57:40 Success.
2026-06-24 07:57:40 Latest version is 1.12.7
2026-06-24 07:57:40 App is up to date.
2026-06-24 08:57:39 Checking for update using Github
2026-06-24 08:57:42 Success.
2026-06-24 08:57:42 Latest version is 1.12.7
2026-06-24 08:57:42 App is up to date.
2026-06-24 09:57:39 Checking for update using Github
2026-06-24 09:57:39 Success.
2026-06-24 09:57:39 Latest version is 1.12.7
2026-06-24 09:57:39 App is up to date.
2026-06-24 10:57:39 Checking for update using Github
2026-06-24 10:57:39 Success.
2026-06-24 10:57:39 Latest version is 1.12.7
2026-06-24 10:57:39 App is up to date.
2026-06-24 11:57:39 Checking for update using Github
2026-06-24 11:57:39 Success.
2026-06-24 11:57:39 Latest version is 1.12.7
2026-06-24 11:57:39 App is up to date.
2026-06-24 12:57:39 Checking for update using Github
2026-06-24 12:58:39 Success.
2026-06-24 12:58:39 Latest version is 1.12.7
2026-06-24 12:58:39 App is up to date.
2026-06-25 08:24:47 Loaded main app package /usr/lib/obsidian/obsidian.asar
2026-06-25 08:26:10 Checking for update using Github
2026-06-25 08:26:12 Success.
2026-06-25 08:26:12 Latest version is 1.12.7
2026-06-25 08:26:12 App is up to date.
2026-06-25 09:24:46 Checking for update using Github
2026-06-25 09:24:47 Success.
2026-06-25 09:24:47 Latest version is 1.12.7
2026-06-25 09:24:47 App is up to date.
2026-06-25 10:24:47 Checking for update using Github
2026-06-25 10:24:47 Failed to check for update using Github (net::ERR_NAME_NOT_RESOLVED)
2026-06-25 10:24:47 Checking for update using obsidian.md
2026-06-25 10:24:47 Failed to check for update using obsidian.md (net::ERR_NAME_NOT_RESOLVED)
2026-06-25 11:24:47 Checking for update using Github
2026-06-25 11:25:11 Success.
2026-06-25 11:25:11 Latest version is 1.12.7
2026-06-25 11:25:11 App is up to date.
2026-06-25 11:29:23 Loaded main app package /usr/lib/obsidian/obsidian.asar
2026-06-25 11:29:24 Checking for update using Github
2026-06-25 11:29:24 Success.
2026-06-25 11:29:24 Latest version is 1.12.7
2026-06-25 11:29:24 App is up to date.
2026-06-25 12:29:23 Checking for update using Github
2026-06-25 12:29:23 Success.
2026-06-25 12:29:23 Latest version is 1.12.7
2026-06-25 12:29:23 App is up to date.
2026-06-26 08:07:03 Loaded main app package /usr/lib/obsidian/obsidian.asar
2026-06-26 08:07:04 Checking for update using Github
2026-06-26 08:07:05 Success.
2026-06-26 08:07:05 Latest version is 1.12.7
2026-06-26 08:07:05 App is up to date.
2026-06-26 09:07:03 Checking for update using Github
2026-06-26 09:07:03 Failed to check for update using Github (net::ERR_NETWORK_CHANGED)
2026-06-26 09:07:03 Checking for update using obsidian.md
2026-06-26 09:07:04 Failed to check for update using obsidian.md (net::ERR_NETWORK_CHANGED)
2026-06-26 10:07:03 Checking for update using Github
2026-06-26 10:07:03 Success.
2026-06-26 10:07:03 Latest version is 1.12.7
2026-06-26 10:07:03 App is up to date.
2026-06-26 11:07:03 Checking for update using Github
2026-06-26 11:07:03 Success.
2026-06-26 11:07:03 Latest version is 1.12.7
2026-06-26 11:07:03 App is up to date.
2026-06-26 12:07:03 Checking for update using Github
2026-06-26 12:07:03 Failed to check for update using Github (net::ERR_NAME_NOT_RESOLVED)
2026-06-26 12:07:03 Checking for update using obsidian.md
2026-06-26 12:07:03 Failed to check for update using obsidian.md (net::ERR_NAME_NOT_RESOLVED)
2026-06-27 04:27:01 Loaded main app package /usr/lib/obsidian/obsidian.asar
2026-06-27 04:27:02 Checking for update using Github
2026-06-27 04:27:03 Success.
2026-06-27 04:27:03 Latest version is 1.12.7
2026-06-27 04:27:03 App is up to date.
2026-06-27 05:27:00 Checking for update using Github
2026-06-27 05:27:00 Success.
2026-06-27 05:27:00 Latest version is 1.12.7
2026-06-27 05:27:00 App is up to date.
2026-06-27 07:11:31 Loaded main app package /usr/lib/obsidian/obsidian.asar
2026-06-27 07:11:31 Checking for update using Github
2026-06-27 07:11:32 Success.
2026-06-27 07:11:32 Latest version is 1.12.7
2026-06-27 07:11:32 App is up to date.
2026-06-27 08:11:31 Checking for update using Github
2026-06-27 08:11:31 Success.
2026-06-27 08:11:31 Latest version is 1.12.7
2026-06-27 08:11:31 App is up to date.
2026-06-27 09:11:31 Checking for update using Github
2026-06-27 09:11:31 Success.
2026-06-27 09:11:31 Latest version is 1.12.7
2026-06-27 09:11:31 App is up to date.
2026-06-27 10:11:31 Checking for update using Github
2026-06-27 10:11:31 Success.
2026-06-27 10:11:31 Latest version is 1.12.7
2026-06-27 10:11:31 App is up to date.
2026-06-28 00:10:38 Loaded main app package /usr/lib/obsidian/obsidian.asar
2026-06-28 00:10:38 Checking for update using Github
2026-06-28 00:10:39 Success.
2026-06-28 00:10:39 Latest version is 1.12.7
2026-06-28 00:10:39 App is up to date.
2026-06-28 01:10:38 Checking for update using Github
2026-06-28 01:10:38 Success.
2026-06-28 01:10:38 Latest version is 1.12.7
2026-06-28 01:10:38 App is up to date.
2026-06-28 02:10:38 Checking for update using Github
2026-06-28 02:10:38 Success.
2026-06-28 02:10:38 Latest version is 1.12.7
2026-06-28 02:10:38 App is up to date.
2026-06-28 03:04:59 Loaded main app package /usr/lib/obsidian/obsidian.asar
2026-06-28 03:05:03 Loaded main app package /usr/lib/obsidian/obsidian.asar
2026-06-28 03:10:38 Checking for update using Github
2026-06-28 03:10:38 Success.
2026-06-28 03:10:38 Latest version is 1.12.7
2026-06-28 03:10:38 App is up to date.
2026-06-28 04:10:38 Checking for update using Github
2026-06-28 04:10:38 Success.
2026-06-28 04:10:38 Latest version is 1.12.7
2026-06-28 04:10:38 App is up to date.
2026-06-28 05:10:38 Checking for update using Github
2026-06-28 05:10:38 Success.
2026-06-28 05:10:38 Latest version is 1.12.7
2026-06-28 05:10:38 App is up to date.
2026-06-28 06:10:38 Checking for update using Github
2026-06-28 06:10:47 Success.
2026-06-28 06:10:47 Latest version is 1.12.7
2026-06-28 06:10:47 App is up to date.
2026-06-28 07:10:38 Checking for update using Github
2026-06-28 07:10:39 Success.
2026-06-28 07:10:39 Latest version is 1.12.7
2026-06-28 07:10:39 App is up to date.
2026-06-28 08:10:38 Checking for update using Github
2026-06-28 08:10:39 Success.
2026-06-28 08:10:39 Latest version is 1.12.7
2026-06-28 08:10:39 App is up to date.
2026-06-28 09:10:39 Checking for update using Github
2026-06-28 09:11:09 Failed to check for update using Github (net::ERR_TIMED_OUT)
2026-06-28 09:11:09 Checking for update using obsidian.md
2026-06-28 09:11:39 Failed to check for update using obsidian.md (net::ERR_TIMED_OUT)
2026-06-28 10:10:39 Checking for update using Github
2026-06-28 10:10:39 Success.
2026-06-28 10:10:39 Latest version is 1.12.7
2026-06-28 10:10:39 App is up to date.
2026-06-28 11:10:39 Checking for update using Github
2026-06-28 11:10:39 Success.
2026-06-28 11:10:39 Latest version is 1.12.7
2026-06-28 11:10:39 App is up to date.
2026-06-28 12:10:39 Checking for update using Github
2026-06-28 12:10:39 Success.
2026-06-28 12:10:39 Latest version is 1.12.7
2026-06-28 12:10:39 App is up to date.
2026-06-28 12:58:12 Loaded main app package /usr/lib/obsidian/obsidian.asar
2026-06-28 12:58:13 Checking for update using Github
2026-06-28 12:58:24 Success.
2026-06-28 12:58:24 Latest version is 1.12.7
2026-06-28 12:58:24 App is up to date.
2026-06-28 13:58:11 Checking for update using Github
2026-06-28 13:58:12 Success.
2026-06-28 13:58:12 Latest version is 1.12.7
2026-06-28 13:58:12 App is up to date.
2026-06-28 14:58:11 Checking for update using Github
2026-06-28 14:58:12 Success.
2026-06-28 14:58:12 Latest version is 1.12.7
2026-06-28 14:58:12 App is up to date.
2026-06-29 07:51:29 Loaded main app package /usr/lib/obsidian/obsidian.asar
2026-06-29 07:51:30 Checking for update using Github
2026-06-29 07:51:48 Success.
2026-06-29 07:51:48 Latest version is 1.12.7
2026-06-29 07:51:48 App is up to date.
2026-06-29 08:51:29 Checking for update using Github
2026-06-29 08:51:30 Success.
2026-06-29 08:51:30 Latest version is 1.12.7
2026-06-29 08:51:30 App is up to date.
2026-06-29 09:51:29 Checking for update using Github
2026-06-29 09:51:29 Success.
2026-06-29 09:51:29 Latest version is 1.12.7
2026-06-29 09:51:29 App is up to date.
2026-06-29 10:51:29 Checking for update using Github
2026-06-29 10:51:34 Success.
2026-06-29 10:51:34 Latest version is 1.12.7
2026-06-29 10:51:34 App is up to date.
2026-06-29 11:19:32 Loaded main app package /usr/lib/obsidian/obsidian.asar
2026-06-29 11:19:33 Checking for update using Github
2026-06-29 11:19:34 Success.
2026-06-29 11:19:34 Latest version is 1.12.7
2026-06-29 11:19:34 App is up to date.
2026-06-29 12:19:32 Checking for update using Github
2026-06-29 12:19:32 Success.
2026-06-29 12:19:32 Latest version is 1.12.7
2026-06-29 12:19:32 App is up to date.
2026-06-29 20:15:03 Loaded main app package /usr/lib/obsidian/obsidian.asar
2026-06-29 20:15:05 Checking for update using Github
2026-06-29 20:15:06 Success.
2026-06-29 20:15:06 Latest version is 1.12.7
2026-06-29 20:15:06 App is up to date.
2026-06-29 21:15:03 Checking for update using Github
2026-06-29 21:15:03 Success.
2026-06-29 21:15:03 Latest version is 1.12.7
2026-06-29 21:15:03 App is up to date.
2026-06-29 22:15:03 Checking for update using Github
2026-06-29 22:15:03 Success.
2026-06-29 22:15:03 Latest version is 1.12.7
2026-06-29 22:15:03 App is up to date.
2026-06-30 13:16:15 Loaded main app package /usr/lib/obsidian/obsidian.asar
2026-06-30 13:16:15 Checking for update using Github
2026-06-30 13:16:16 Success.
2026-06-30 13:16:16 Latest version is 1.12.7
2026-06-30 13:16:16 App is up to date.
2026-06-30 20:56:01 Loaded main app package /usr/lib/obsidian/obsidian.asar
2026-06-30 20:56:02 Checking for update using Github
2026-06-30 20:56:03 Success.
2026-06-30 20:56:03 Latest version is 1.12.7
2026-06-30 20:56:03 App is up to date.
2026-06-30 21:56:00 Checking for update using Github
2026-06-30 21:56:01 Success.
2026-06-30 21:56:01 Latest version is 1.12.7
2026-06-30 21:56:01 App is up to date.
2026-07-01 08:03:41 Loaded main app package /usr/lib/obsidian/obsidian.asar
2026-07-01 08:03:41 Checking for update using Github
2026-07-01 08:03:42 Success.
2026-07-01 08:03:42 Latest version is 1.12.7
2026-07-01 08:03:42 App is up to date.
2026-07-01 09:03:40 Checking for update using Github
2026-07-01 09:03:41 Success.
2026-07-01 09:03:41 Latest version is 1.12.7
2026-07-01 09:03:41 App is up to date.
2026-07-01 09:28:02 Loaded main app package /usr/lib/obsidian/obsidian.asar
2026-07-01 09:46:51 Loaded main app package /usr/lib/obsidian/obsidian.asar
2026-07-01 10:03:41 Checking for update using Github
2026-07-01 10:03:41 Success.
2026-07-01 10:03:41 Latest version is 1.12.7
2026-07-01 10:03:41 App is up to date.
2026-07-01 11:03:41 Checking for update using Github
2026-07-01 11:03:41 Failed to check for update using Github (net::ERR_NAME_NOT_RESOLVED)
2026-07-01 11:03:41 Checking for update using obsidian.md
2026-07-01 11:03:41 Failed to check for update using obsidian.md (net::ERR_NAME_NOT_RESOLVED)
2026-07-01 12:03:41 Checking for update using Github
2026-07-01 12:03:41 Success.
2026-07-01 12:03:41 Latest version is 1.12.7
2026-07-01 12:03:41 App is up to date.
2026-07-01 13:03:41 Checking for update using Github
2026-07-01 13:03:41 Success.
2026-07-01 13:03:41 Latest version is 1.12.7
2026-07-01 13:03:41 App is up to date.
2026-07-01 21:10:11 Loaded main app package /usr/lib/obsidian/obsidian.asar
2026-07-01 21:10:12 Checking for update using Github
2026-07-01 21:10:13 Success.
2026-07-01 21:10:13 Latest version is 1.12.7
2026-07-01 21:10:13 App is up to date.
2026-07-01 22:10:11 Checking for update using Github
2026-07-01 22:10:11 Success.
2026-07-01 22:10:11 Latest version is 1.12.7
2026-07-01 22:10:11 App is up to date.
2026-07-02 08:07:02 Loaded main app package /usr/lib/obsidian/obsidian.asar
2026-07-02 08:07:02 Checking for update using Github
2026-07-02 08:07:03 Success.
2026-07-02 08:07:03 Latest version is 1.12.7
2026-07-02 08:07:03 App is up to date.
2026-07-02 08:46:21 Loaded main app package /usr/lib/obsidian/obsidian.asar
2026-07-02 08:46:22 Checking for update using Github
2026-07-02 08:46:24 Success.
2026-07-02 08:46:24 Latest version is 1.12.7
2026-07-02 08:46:24 App is up to date.
2026-07-02 09:46:21 Checking for update using Github
2026-07-02 09:46:21 Success.
2026-07-02 09:46:21 Latest version is 1.12.7
2026-07-02 09:46:21 App is up to date.
2026-07-02 10:46:21 Checking for update using Github
2026-07-02 10:46:21 Success.
2026-07-02 10:46:21 Latest version is 1.12.7
2026-07-02 10:46:21 App is up to date.
2026-07-02 11:46:21 Checking for update using Github
2026-07-02 11:46:21 Success.
2026-07-02 11:46:21 Latest version is 1.12.7
2026-07-02 11:46:21 App is up to date.
2026-07-02 12:46:21 Checking for update using Github
2026-07-02 12:46:21 Success.
2026-07-02 12:46:21 Latest version is 1.12.7
2026-07-02 12:46:21 App is up to date.
2026-07-02 21:30:17 Loaded main app package /usr/lib/obsidian/obsidian.asar
2026-07-02 21:30:18 Checking for update using Github
2026-07-02 21:30:18 Success.
2026-07-02 21:30:18 Latest version is 1.12.7
2026-07-02 21:30:18 App is up to date.
2026-07-02 22:30:17 Checking for update using Github
2026-07-02 22:30:17 Success.
2026-07-02 22:30:17 Latest version is 1.12.7
2026-07-02 22:30:17 App is up to date.
2026-07-03 08:02:38 Loaded main app package /usr/lib/obsidian/obsidian.asar
2026-07-03 08:02:39 Checking for update using Github
2026-07-03 08:02:39 Success.
2026-07-03 08:02:39 Latest version is 1.12.7
2026-07-03 08:02:39 App is up to date.
2026-07-03 09:02:38 Checking for update using Github
2026-07-03 09:02:38 Success.
2026-07-03 09:02:38 Latest version is 1.12.7
2026-07-03 09:02:38 App is up to date.
2026-07-03 10:02:38 Checking for update using Github
2026-07-03 10:02:38 Success.
2026-07-03 10:02:38 Latest version is 1.12.7
2026-07-03 10:02:38 App is up to date.
2026-07-03 11:02:38 Checking for update using Github
2026-07-03 11:02:38 Success.
2026-07-03 11:02:38 Latest version is 1.12.7
2026-07-03 11:02:38 App is up to date.
2026-07-03 12:02:38 Checking for update using Github
2026-07-03 12:02:38 Success.
2026-07-03 12:02:38 Latest version is 1.12.7
2026-07-03 12:02:38 App is up to date.
2026-07-03 13:02:38 Checking for update using Github
2026-07-03 13:02:39 Success.
2026-07-03 13:02:39 Latest version is 1.12.7
2026-07-03 13:02:39 App is up to date.
2026-07-03 14:02:39 Checking for update using Github
2026-07-03 14:02:39 Success.
2026-07-03 14:02:39 Latest version is 1.12.7
2026-07-03 14:02:39 App is up to date.
2026-07-04 00:15:49 Loaded main app package /usr/lib/obsidian/obsidian.asar
2026-07-04 00:15:49 Checking for update using Github
2026-07-04 00:15:55 Success.
2026-07-04 00:15:55 Latest version is 1.12.7
2026-07-04 00:15:55 App is up to date.
2026-07-04 01:15:48 Checking for update using Github
2026-07-04 01:15:48 Success.
2026-07-04 01:15:48 Latest version is 1.12.7
2026-07-04 01:15:48 App is up to date.
2026-07-04 08:22:29 Loaded main app package /usr/lib/obsidian/obsidian.asar
2026-07-04 08:22:31 Checking for update using Github
2026-07-04 08:22:31 Success.
2026-07-04 08:22:31 Latest version is 1.12.7
2026-07-04 08:22:31 App is up to date.
2026-07-04 09:22:28 Checking for update using Github
2026-07-04 09:22:29 Success.
2026-07-04 09:22:29 Latest version is 1.12.7
2026-07-04 09:22:29 App is up to date.
2026-07-04 10:22:29 Checking for update using Github
2026-07-04 10:22:29 Success.
2026-07-04 10:22:29 Latest version is 1.12.7
2026-07-04 10:22:29 App is up to date.
2026-07-04 11:22:29 Checking for update using Github
2026-07-04 11:22:29 Success.
2026-07-04 11:22:29 Latest version is 1.12.7
2026-07-04 11:22:29 App is up to date.
2026-07-04 12:22:29 Checking for update using Github
2026-07-04 12:22:29 Success.
2026-07-04 12:22:29 Latest version is 1.12.7
2026-07-04 12:22:29 App is up to date.
2026-07-04 13:22:29 Checking for update using Github
2026-07-04 13:22:29 Success.
2026-07-04 13:22:29 Latest version is 1.12.7
2026-07-04 13:22:29 App is up to date.
2026-07-05 04:03:13 Loaded main app package /usr/lib/obsidian/obsidian.asar
2026-07-05 04:03:14 Checking for update using Github
2026-07-05 04:03:14 Success.
2026-07-05 04:03:14 Latest version is 1.12.7
2026-07-05 04:03:14 App is up to date.
2026-07-05 05:03:13 Checking for update using Github
2026-07-05 05:03:13 Success.
2026-07-05 05:03:13 Latest version is 1.12.7
2026-07-05 05:03:13 App is up to date.
2026-07-05 06:03:13 Checking for update using Github
2026-07-05 06:03:13 Success.
2026-07-05 06:03:13 Latest version is 1.12.7
2026-07-05 06:03:13 App is up to date.
2026-07-05 07:03:13 Checking for update using Github
2026-07-05 07:03:13 Success.
2026-07-05 07:03:13 Latest version is 1.12.7
2026-07-05 07:03:13 App is up to date.
2026-07-05 08:03:13 Checking for update using Github
2026-07-05 08:03:13 Success.
2026-07-05 08:03:13 Latest version is 1.12.7
2026-07-05 08:03:13 App is up to date.
2026-07-05 09:03:13 Checking for update using Github
2026-07-05 09:03:13 Success.
2026-07-05 09:03:13 Latest version is 1.12.7
2026-07-05 09:03:13 App is up to date.
2026-07-05 10:03:14 Checking for update using Github
2026-07-05 10:03:14 Success.
2026-07-05 10:03:14 Latest version is 1.12.7
2026-07-05 10:03:14 App is up to date.
2026-07-05 11:03:14 Checking for update using Github
2026-07-05 11:03:14 Success.
2026-07-05 11:03:14 Latest version is 1.12.7
2026-07-05 11:03:14 App is up to date.
2026-07-05 12:03:14 Checking for update using Github
2026-07-05 12:03:14 Success.
2026-07-05 12:03:14 Latest version is 1.12.7
2026-07-05 12:03:14 App is up to date.
2026-07-05 13:03:14 Checking for update using Github
2026-07-05 13:03:14 Success.
2026-07-05 13:03:14 Latest version is 1.12.7
2026-07-05 13:03:14 App is up to date.
2026-07-05 13:13:05 Loaded main app package /usr/lib/obsidian/obsidian.asar
2026-07-05 13:13:06 Checking for update using Github
2026-07-05 13:13:07 Success.
2026-07-05 13:13:07 Latest version is 1.12.7
2026-07-05 13:13:07 App is up to date.
2026-07-05 20:02:38 Loaded main app package /usr/lib/obsidian/obsidian.asar
2026-07-05 20:02:41 Checking for update using Github
2026-07-05 20:02:41 Success.
2026-07-05 20:02:41 Latest version is 1.12.7
2026-07-05 20:02:41 App is up to date.
2026-07-05 21:02:38 Checking for update using Github
2026-07-05 21:02:38 Success.
2026-07-05 21:02:38 Latest version is 1.12.7
2026-07-05 21:02:38 App is up to date.
2026-07-05 22:02:38 Checking for update using Github
2026-07-05 22:02:38 Success.
2026-07-05 22:02:38 Latest version is 1.12.7
2026-07-05 22:02:38 App is up to date.
2026-07-06 07:47:48 Loaded main app package /usr/lib/obsidian/obsidian.asar
2026-07-06 07:47:49 Checking for update using Github
2026-07-06 07:47:49 Success.
2026-07-06 07:47:49 Latest version is 1.12.7
2026-07-06 07:47:49 App is up to date.
2026-07-06 08:47:48 Checking for update using Github
2026-07-06 08:47:48 Success.
2026-07-06 08:47:48 Latest version is 1.12.7
2026-07-06 08:47:48 App is up to date.
2026-07-06 09:47:48 Checking for update using Github
2026-07-06 09:47:48 Success.
2026-07-06 09:47:48 Latest version is 1.12.7
2026-07-06 09:47:48 App is up to date.
2026-07-06 10:31:38 Loaded main app package /usr/lib/obsidian/obsidian.asar
2026-07-06 10:31:39 Checking for update using Github
2026-07-06 10:31:39 Success.
2026-07-06 10:31:39 Latest version is 1.12.7
2026-07-06 10:31:39 App is up to date.
2026-07-06 11:31:38 Checking for update using Github
2026-07-06 11:31:38 Success.
2026-07-06 11:31:38 Latest version is 1.12.7
2026-07-06 11:31:38 App is up to date.
2026-07-06 12:31:38 Checking for update using Github
2026-07-06 12:31:38 Success.
2026-07-06 12:31:38 Latest version is 1.12.7
2026-07-06 12:31:38 App is up to date.
2026-07-06 19:48:18 Loaded main app package /usr/lib/obsidian/obsidian.asar
2026-07-06 19:48:19 Checking for update using Github
2026-07-06 19:48:21 Success.
2026-07-06 19:48:21 Latest version is 1.12.7
2026-07-06 19:48:21 App is up to date.
2026-07-06 20:48:17 Checking for update using Github
2026-07-06 20:48:17 Success.
2026-07-06 20:48:17 Latest version is 1.12.7
2026-07-06 20:48:17 App is up to date.
2026-07-06 21:48:17 Checking for update using Github
2026-07-06 21:48:17 Success.
2026-07-06 21:48:17 Latest version is 1.12.7
2026-07-06 21:48:17 App is up to date.
2026-07-07 11:32:36 Loaded main app package /usr/lib/obsidian/obsidian.asar
2026-07-07 11:32:37 Checking for update using Github
2026-07-07 11:32:37 Success.
2026-07-07 11:32:37 Latest version is 1.12.7
2026-07-07 11:32:37 App is up to date.
2026-07-07 12:32:36 Checking for update using Github
2026-07-07 12:32:36 Success.
2026-07-07 12:32:36 Latest version is 1.12.7
2026-07-07 12:32:36 App is up to date.
2026-07-07 21:54:59 Loaded main app package /usr/lib/obsidian/obsidian.asar
2026-07-07 21:55:01 Checking for update using Github
2026-07-07 21:55:02 Success.
2026-07-07 21:55:02 Latest version is 1.12.7
2026-07-07 21:55:02 App is up to date.
2026-07-08 07:46:39 Loaded main app package /usr/lib/obsidian/obsidian.asar
2026-07-08 07:46:40 Checking for update using Github
2026-07-08 07:46:41 Success.
2026-07-08 07:46:41 Latest version is 1.12.7
2026-07-08 07:46:41 App is up to date.
2026-07-08 08:46:39 Checking for update using Github
2026-07-08 08:46:39 Success.
2026-07-08 08:46:39 Latest version is 1.12.7
2026-07-08 08:46:39 App is up to date.
2026-07-09 00:57:49 Loaded main app package /usr/lib/obsidian/obsidian.asar
2026-07-09 00:57:50 Checking for update using Github
2026-07-09 00:57:51 Success.
2026-07-09 00:57:51 Latest version is 1.12.7
2026-07-09 00:57:51 App is up to date.
2026-07-09 01:57:49 Checking for update using Github
2026-07-09 01:57:49 Success.
2026-07-09 01:57:49 Latest version is 1.12.7
2026-07-09 01:57:49 App is up to date.
2026-07-09 02:57:49 Checking for update using Github
2026-07-09 02:57:49 Success.
2026-07-09 02:57:49 Latest version is 1.12.7
2026-07-09 02:57:49 App is up to date.
2026-07-09 03:57:49 Checking for update using Github
2026-07-09 03:57:49 Success.
2026-07-09 03:57:49 Latest version is 1.12.7
2026-07-09 03:57:49 App is up to date.
2026-07-09 04:57:49 Checking for update using Github
2026-07-09 04:57:50 Success.
2026-07-09 04:57:50 Latest version is 1.12.7
2026-07-09 04:57:50 App is up to date.
2026-07-09 05:57:49 Checking for update using Github
2026-07-09 05:57:49 Success.
2026-07-09 05:57:49 Latest version is 1.12.7
2026-07-09 05:57:49 App is up to date.
2026-07-09 07:23:52 Loaded main app package /usr/lib/obsidian/obsidian.asar
2026-07-09 07:23:53 Checking for update using Github
2026-07-09 07:23:55 Success.
2026-07-09 07:23:55 Latest version is 1.12.7
2026-07-09 07:23:55 App is up to date.
2026-07-09 08:23:52 Checking for update using Github
2026-07-09 08:23:52 Success.
2026-07-09 08:23:52 Latest version is 1.12.7
2026-07-09 08:23:52 App is up to date.
2026-07-09 09:23:52 Checking for update using Github
2026-07-09 09:23:52 Success.
2026-07-09 09:23:52 Latest version is 1.12.7
2026-07-09 09:23:52 App is up to date.
2026-07-09 10:05:21 Loaded main app package /usr/lib/obsidian/obsidian.asar
2026-07-09 10:23:52 Checking for update using Github
2026-07-09 10:23:52 Success.
2026-07-09 10:23:52 Latest version is 1.12.7
2026-07-09 10:23:52 App is up to date.
2026-07-09 11:23:52 Checking for update using Github
2026-07-09 11:23:52 Success.
2026-07-09 11:23:52 Latest version is 1.12.7
2026-07-09 11:23:52 App is up to date.
2026-07-09 12:23:52 Checking for update using Github
2026-07-09 12:23:52 Success.
2026-07-09 12:23:52 Latest version is 1.12.7
2026-07-09 12:23:52 App is up to date.
2026-07-09 13:23:52 Checking for update using Github
2026-07-09 13:23:52 Success.
2026-07-09 13:23:52 Latest version is 1.12.7
2026-07-09 13:23:52 App is up to date.
2026-07-10 08:10:42 Loaded main app package /usr/lib/obsidian/obsidian.asar
2026-07-10 08:10:42 Checking for update using Github
2026-07-10 08:10:43 Success.
2026-07-10 08:10:43 Latest version is 1.12.7
2026-07-10 08:10:43 App is up to date.
2026-07-10 09:10:42 Checking for update using Github
2026-07-10 09:10:42 Success.
2026-07-10 09:10:42 Latest version is 1.12.7
2026-07-10 09:10:42 App is up to date.
2026-07-10 10:10:42 Checking for update using Github
2026-07-10 10:10:42 Success.
2026-07-10 10:10:42 Latest version is 1.12.7
2026-07-10 10:10:42 App is up to date.
2026-07-10 11:10:42 Checking for update using Github
2026-07-10 11:10:42 Success.
2026-07-10 11:10:42 Latest version is 1.12.7
2026-07-10 11:10:42 App is up to date.
2026-07-10 12:10:42 Checking for update using Github
2026-07-10 12:10:42 Success.
2026-07-10 12:10:42 Latest version is 1.12.7
2026-07-10 12:10:42 App is up to date.
2026-07-10 13:10:42 Checking for update using Github
2026-07-10 13:10:42 Success.
2026-07-10 13:10:42 Latest version is 1.12.7
2026-07-10 13:10:42 App is up to date.
2026-07-11 00:54:31 Loaded main app package /usr/lib/obsidian/obsidian.asar
2026-07-11 00:54:31 Checking for update using Github
2026-07-11 00:54:32 Success.
2026-07-11 00:54:32 Latest version is 1.12.7
2026-07-11 00:54:32 App is up to date.
2026-07-11 01:54:31 Checking for update using Github
2026-07-11 01:54:31 Success.
2026-07-11 01:54:31 Latest version is 1.12.7
2026-07-11 01:54:31 App is up to date.
2026-07-11 02:54:31 Checking for update using Github
2026-07-11 02:54:31 Success.
2026-07-11 02:54:31 Latest version is 1.12.7
2026-07-11 02:54:31 App is up to date.
2026-07-11 13:38:45 Loaded main app package /usr/lib/obsidian/obsidian.asar
2026-07-11 13:38:46 Checking for update using Github
2026-07-11 13:38:47 Success.
2026-07-11 13:38:47 Latest version is 1.12.7
2026-07-11 13:38:47 App is up to date.
2026-07-12 01:35:47 Loaded main app package /usr/lib/obsidian/obsidian.asar
2026-07-12 01:35:48 Checking for update using Github
2026-07-12 01:35:48 Success.
2026-07-12 01:35:48 Latest version is 1.12.7
2026-07-12 01:35:48 App is up to date.
2026-07-12 02:35:47 Checking for update using Github
2026-07-12 02:35:47 Success.
2026-07-12 02:35:47 Latest version is 1.12.7
2026-07-12 02:35:47 App is up to date.
2026-07-12 03:35:47 Checking for update using Github
2026-07-12 03:35:47 Success.
2026-07-12 03:35:47 Latest version is 1.12.7
2026-07-12 03:35:47 App is up to date.
2026-07-12 04:35:47 Checking for update using Github
2026-07-12 04:35:47 Success.
2026-07-12 04:35:47 Latest version is 1.12.7
2026-07-12 04:35:47 App is up to date.
2026-07-12 05:35:47 Checking for update using Github
2026-07-12 05:35:47 Success.
2026-07-12 05:35:47 Latest version is 1.12.7
2026-07-12 05:35:47 App is up to date.
2026-07-12 06:35:47 Checking for update using Github
2026-07-12 06:35:47 Success.
2026-07-12 06:35:47 Latest version is 1.12.7
2026-07-12 06:35:47 App is up to date.
2026-07-12 07:35:47 Checking for update using Github
2026-07-12 07:35:47 Success.
2026-07-12 07:35:47 Latest version is 1.12.7
2026-07-12 07:35:47 App is up to date.
2026-07-12 08:35:47 Checking for update using Github
2026-07-12 08:35:47 Success.
2026-07-12 08:35:47 Latest version is 1.12.7
2026-07-12 08:35:47 App is up to date.
2026-07-12 09:35:47 Checking for update using Github
2026-07-12 09:35:47 Success.
2026-07-12 09:35:47 Latest version is 1.12.7
2026-07-12 09:35:47 App is up to date.
2026-07-12 10:35:48 Checking for update using Github
2026-07-12 10:35:48 Success.
2026-07-12 10:35:48 Latest version is 1.12.7
2026-07-12 10:35:48 App is up to date.
2026-07-12 11:35:48 Checking for update using Github
2026-07-12 11:35:48 Success.
2026-07-12 11:35:48 Latest version is 1.12.7
2026-07-12 11:35:48 App is up to date.
2026-07-12 12:35:48 Checking for update using Github
2026-07-12 12:35:48 Success.
2026-07-12 12:35:48 Latest version is 1.12.7
2026-07-12 12:35:48 App is up to date.
2026-07-12 13:35:48 Checking for update using Github
2026-07-12 13:35:48 Success.
2026-07-12 13:35:48 Latest version is 1.12.7
2026-07-12 13:35:48 App is up to date.
2026-07-12 22:57:03 Loaded main app package /usr/lib/obsidian/obsidian.asar
2026-07-12 22:57:04 Checking for update using Github
2026-07-12 22:57:05 Success.
2026-07-12 22:57:05 Latest version is 1.12.7
2026-07-12 22:57:05 App is up to date.
2026-07-12 23:57:03 Checking for update using Github
2026-07-12 23:57:03 Success.
2026-07-12 23:57:03 Latest version is 1.12.7
2026-07-12 23:57:03 App is up to date.
2026-07-13 00:57:03 Checking for update using Github
2026-07-13 00:57:03 Success.
2026-07-13 00:57:03 Latest version is 1.12.7
2026-07-13 00:57:03 App is up to date.
2026-07-13 01:57:03 Checking for update using Github
2026-07-13 01:57:04 Success.
2026-07-13 01:57:04 Latest version is 1.12.7
2026-07-13 01:57:04 App is up to date.
2026-07-13 02:57:04 Checking for update using Github
2026-07-13 02:57:04 Success.
2026-07-13 02:57:04 Latest version is 1.12.7
2026-07-13 02:57:04 App is up to date.
2026-07-13 03:57:04 Checking for update using Github
2026-07-13 03:57:04 Success.
2026-07-13 03:57:04 Latest version is 1.12.7
2026-07-13 03:57:04 App is up to date.
2026-07-13 04:57:04 Checking for update using Github
2026-07-13 04:57:04 Success.
2026-07-13 04:57:04 Latest version is 1.12.7
2026-07-13 04:57:04 App is up to date.
2026-07-13 05:57:04 Checking for update using Github
2026-07-13 05:57:04 Success.
2026-07-13 05:57:04 Latest version is 1.12.7
2026-07-13 05:57:04 App is up to date.
2026-07-13 06:57:04 Checking for update using Github
2026-07-13 06:57:04 Success.
2026-07-13 06:57:04 Latest version is 1.12.7
2026-07-13 06:57:04 App is up to date.
2026-07-13 07:57:04 Checking for update using Github
2026-07-13 07:57:04 Success.
2026-07-13 07:57:04 Latest version is 1.12.7
2026-07-13 07:57:04 App is up to date.
2026-07-13 08:57:04 Checking for update using Github
2026-07-13 08:57:04 Success.
2026-07-13 08:57:04 Latest version is 1.12.7
2026-07-13 08:57:04 App is up to date.
2026-07-13 09:57:04 Checking for update using Github
2026-07-13 09:57:04 Success.
2026-07-13 09:57:04 Latest version is 1.12.7
2026-07-13 09:57:04 App is up to date.
2026-07-13 10:57:04 Checking for update using Github
2026-07-13 10:57:04 Success.
2026-07-13 10:57:04 Latest version is 1.12.7
2026-07-13 10:57:04 App is up to date.
2026-07-13 11:57:04 Checking for update using Github
2026-07-13 11:57:04 Success.
2026-07-13 11:57:04 Latest version is 1.12.7
2026-07-13 11:57:04 App is up to date.
2026-07-13 12:57:04 Checking for update using Github
2026-07-13 12:57:05 Success.
2026-07-13 12:57:05 Latest version is 1.12.7
2026-07-13 12:57:05 App is up to date.
2026-07-13 13:57:05 Checking for update using Github
2026-07-13 13:57:05 Success.
2026-07-13 13:57:05 Latest version is 1.12.7
2026-07-13 13:57:05 App is up to date.
2026-07-13 21:39:39 Loaded main app package /usr/lib/obsidian/obsidian.asar
2026-07-13 21:39:41 Checking for update using Github
2026-07-13 21:39:42 Success.
2026-07-13 21:39:42 Latest version is 1.12.7
2026-07-13 21:39:42 App is up to date.
2026-07-13 22:39:39 Checking for update using Github
2026-07-13 22:39:39 Success.
2026-07-13 22:39:39 Latest version is 1.12.7
2026-07-13 22:39:39 App is up to date.
2026-07-14 09:04:19 Loaded main app package /usr/lib/obsidian/obsidian.asar
2026-07-14 09:04:19 Checking for update using Github
2026-07-14 09:04:20 Success.
2026-07-14 09:04:20 Latest version is 1.12.7
2026-07-14 09:04:20 App is up to date.
2026-07-14 10:04:19 Checking for update using Github
2026-07-14 10:04:19 Success.
2026-07-14 10:04:19 Latest version is 1.12.7
2026-07-14 10:04:19 App is up to date.
2026-07-14 11:04:19 Checking for update using Github
2026-07-14 11:04:19 Success.
2026-07-14 11:04:19 Latest version is 1.12.7
2026-07-14 11:04:19 App is up to date.
2026-07-14 12:04:19 Checking for update using Github
2026-07-14 12:04:19 Success.
2026-07-14 12:04:19 Latest version is 1.12.7
2026-07-14 12:04:19 App is up to date.
2026-07-14 12:07:00 Loaded main app package /usr/lib/obsidian/obsidian.asar
2026-07-14 12:07:00 Checking for update using Github
2026-07-14 12:07:01 Success.
2026-07-14 12:07:01 Latest version is 1.12.7
2026-07-14 12:07:01 App is up to date.
2026-07-14 13:07:00 Checking for update using Github
2026-07-14 13:07:00 Success.
2026-07-14 13:07:00 Latest version is 1.12.7
2026-07-14 13:07:00 App is up to date.
2026-07-14 22:31:50 Loaded main app package /usr/lib/obsidian/obsidian.asar
2026-07-14 22:31:50 Checking for update using Github
2026-07-14 22:31:51 Success.
2026-07-14 22:31:51 Latest version is 1.12.7
2026-07-14 22:31:51 App is up to date.
2026-07-15 08:35:47 Loaded main app package /usr/lib/obsidian/obsidian.asar
2026-07-15 08:35:48 Checking for update using Github
2026-07-15 08:35:48 Success.
2026-07-15 08:35:48 Latest version is 1.12.7
2026-07-15 08:35:48 App is up to date.
2026-07-15 09:35:47 Checking for update using Github
2026-07-15 09:35:47 Success.
2026-07-15 09:35:47 Latest version is 1.12.7
2026-07-15 09:35:47 App is up to date.
2026-07-15 10:35:47 Checking for update using Github
2026-07-15 10:35:47 Success.
2026-07-15 10:35:47 Latest version is 1.12.7
2026-07-15 10:35:47 App is up to date.
2026-07-15 11:35:47 Checking for update using Github
2026-07-15 11:35:47 Success.
2026-07-15 11:35:47 Latest version is 1.12.7
2026-07-15 11:35:47 App is up to date.
2026-07-15 12:35:47 Checking for update using Github
2026-07-15 12:35:47 Success.
2026-07-15 12:35:47 Latest version is 1.12.7
2026-07-15 12:35:47 App is up to date.
2026-07-15 12:49:22 Loaded main app package /usr/lib/obsidian/obsidian.asar
2026-07-15 12:49:24 Checking for update using Github
2026-07-15 12:49:25 Success.
2026-07-15 12:49:25 Latest version is 1.12.7
2026-07-15 12:49:25 App is up to date.
2026-07-15 12:58:32 Loaded main app package /usr/lib/obsidian/obsidian.asar
2026-07-15 12:58:32 Checking for update using Github
2026-07-15 12:58:33 Success.
2026-07-15 12:58:33 Latest version is 1.12.7
2026-07-15 12:58:33 App is up to date.
2026-07-15 22:04:17 Loaded main app package /usr/lib/obsidian/obsidian.asar
2026-07-15 22:04:18 Checking for update using Github
2026-07-15 22:04:18 Success.
2026-07-15 22:04:19 Latest version is 1.12.7
2026-07-15 22:04:19 App is up to date.
2026-07-16 08:07:09 Loaded main app package /usr/lib/obsidian/obsidian.asar
2026-07-16 08:07:09 Checking for update using Github
2026-07-16 08:07:10 Success.
2026-07-16 08:07:10 Latest version is 1.12.7
2026-07-16 08:07:10 App is up to date.
2026-07-16 08:10:25 Loaded main app package /usr/lib/obsidian/obsidian.asar
2026-07-16 09:07:08 Checking for update using Github
2026-07-16 09:07:08 Success.
2026-07-16 09:07:08 Latest version is 1.12.7
2026-07-16 09:07:08 App is up to date.
2026-07-16 10:07:09 Checking for update using Github
2026-07-16 10:07:09 Success.
2026-07-16 10:07:09 Latest version is 1.12.7
2026-07-16 10:07:09 App is up to date.
2026-07-16 11:07:09 Checking for update using Github
2026-07-16 11:07:09 Success.
2026-07-16 11:07:09 Latest version is 1.12.7
2026-07-16 11:07:09 App is up to date.
2026-07-16 12:07:09 Checking for update using Github
2026-07-16 12:07:09 Success.
2026-07-16 12:07:09 Latest version is 1.12.7
2026-07-16 12:07:09 App is up to date.
2026-07-16 13:07:09 Checking for update using Github
2026-07-16 13:07:09 Success.
2026-07-16 13:07:09 Latest version is 1.12.7
2026-07-16 13:07:09 App is up to date.
2026-07-17 08:47:18 Loaded main app package /usr/lib/obsidian/obsidian.asar
2026-07-17 08:47:19 Checking for update using Github
2026-07-17 08:47:21 Success.
2026-07-17 08:47:21 Latest version is 1.12.7
2026-07-17 08:47:21 App is up to date.
2026-07-17 09:47:17 Checking for update using Github
2026-07-17 09:47:17 Success.
2026-07-17 09:47:17 Latest version is 1.12.7
2026-07-17 09:47:17 App is up to date.
2026-07-17 10:47:17 Checking for update using Github
2026-07-17 10:47:17 Success.
2026-07-17 10:47:17 Latest version is 1.12.7
2026-07-17 10:47:17 App is up to date.
2026-07-17 11:47:17 Checking for update using Github
2026-07-17 11:47:17 Success.
2026-07-17 11:47:17 Latest version is 1.12.7
2026-07-17 11:47:17 App is up to date.
2026-07-17 12:47:17 Checking for update using Github
2026-07-17 12:47:17 Success.
2026-07-17 12:47:17 Latest version is 1.12.7
2026-07-17 12:47:17 App is up to date.
2026-07-17 23:57:12 Loaded main app package /usr/lib/obsidian/obsidian.asar
2026-07-17 23:57:13 Checking for update using Github
2026-07-17 23:57:14 Success.
2026-07-17 23:57:14 Latest version is 1.12.7
2026-07-17 23:57:14 App is up to date.
2026-07-18 00:57:12 Checking for update using Github
2026-07-18 00:57:12 Success.
2026-07-18 00:57:12 Latest version is 1.12.7
2026-07-18 00:57:12 App is up to date.
2026-07-18 01:57:12 Checking for update using Github
2026-07-18 01:57:12 Success.
2026-07-18 01:57:12 Latest version is 1.12.7
2026-07-18 01:57:12 App is up to date.
2026-07-18 02:57:12 Checking for update using Github
2026-07-18 02:57:12 Success.
2026-07-18 02:57:12 Latest version is 1.12.7
2026-07-18 02:57:12 App is up to date.
2026-07-18 03:57:12 Checking for update using Github
2026-07-18 03:57:12 Success.
2026-07-18 03:57:12 Latest version is 1.12.7
2026-07-18 03:57:12 App is up to date.
2026-07-18 04:57:12 Checking for update using Github
2026-07-18 04:57:12 Success.
2026-07-18 04:57:12 Latest version is 1.12.7
2026-07-18 04:57:12 App is up to date.
2026-07-18 05:57:12 Checking for update using Github
2026-07-18 05:57:12 Success.
2026-07-18 05:57:12 Latest version is 1.12.7
2026-07-18 05:57:12 App is up to date.
2026-07-18 06:57:12 Checking for update using Github
2026-07-18 06:57:12 Success.
2026-07-18 06:57:12 Latest version is 1.12.7
2026-07-18 06:57:12 App is up to date.
2026-07-18 10:26:19 Loaded main app package /usr/lib/obsidian/obsidian.asar
2026-07-18 10:26:20 Checking for update using Github
2026-07-18 10:26:20 Success.
2026-07-18 10:26:20 Latest version is 1.12.7
2026-07-18 10:26:20 App is up to date.
2026-07-18 11:26:19 Checking for update using Github
2026-07-18 11:26:19 Success.
2026-07-18 11:26:19 Latest version is 1.12.7
2026-07-18 11:26:19 App is up to date.
2026-07-18 12:26:19 Checking for update using Github
2026-07-18 12:26:19 Success.
2026-07-18 12:26:19 Latest version is 1.12.7
2026-07-18 12:26:19 App is up to date.
2026-07-18 13:26:19 Checking for update using Github
2026-07-18 13:26:19 Success.
2026-07-18 13:26:19 Latest version is 1.12.7
2026-07-18 13:26:19 App is up to date.
2026-07-18 23:29:12 Loaded main app package /usr/lib/obsidian/obsidian.asar
2026-07-18 23:29:14 Checking for update using Github
2026-07-18 23:29:15 Success.
2026-07-18 23:29:15 Latest version is 1.12.7
2026-07-18 23:29:15 App is up to date.
2026-07-19 00:29:11 Checking for update using Github
2026-07-19 00:29:11 Success.
2026-07-19 00:29:11 Latest version is 1.12.7
2026-07-19 00:29:11 App is up to date.
2026-07-19 01:29:11 Checking for update using Github
2026-07-19 01:29:11 Success.
2026-07-19 01:29:11 Latest version is 1.12.7
2026-07-19 01:29:11 App is up to date.
2026-07-19 02:29:11 Checking for update using Github
2026-07-19 02:29:12 Success.
2026-07-19 02:29:12 Latest version is 1.12.7
2026-07-19 02:29:12 App is up to date.
2026-07-19 03:29:12 Checking for update using Github
2026-07-19 03:29:12 Success.
2026-07-19 03:29:12 Latest version is 1.12.7
2026-07-19 03:29:12 App is up to date.
2026-07-19 04:29:12 Checking for update using Github
2026-07-19 04:29:13 Success.
2026-07-19 04:29:13 Latest version is 1.12.7
2026-07-19 04:29:13 App is up to date.
2026-07-19 05:29:12 Checking for update using Github
2026-07-19 05:29:12 Success.
2026-07-19 05:29:12 Latest version is 1.12.7
2026-07-19 05:29:12 App is up to date.
2026-07-19 06:08:19 Loaded main app package /usr/lib/obsidian/obsidian.asar
2026-07-19 06:08:21 Checking for update using Github
2026-07-19 06:08:22 Success.
2026-07-19 06:08:22 Latest version is 1.12.7
2026-07-19 06:08:22 App is up to date.
2026-07-19 06:13:52 Loaded main app package /usr/lib/obsidian/obsidian.asar
2026-07-19 07:08:19 Checking for update using Github
2026-07-19 07:08:19 Success.
2026-07-19 07:08:19 Latest version is 1.12.7
2026-07-19 07:08:19 App is up to date.
2026-07-19 08:08:19 Checking for update using Github
2026-07-19 08:08:19 Success.
2026-07-19 08:08:19 Latest version is 1.12.7
2026-07-19 08:08:19 App is up to date.
2026-07-19 09:08:19 Checking for update using Github
2026-07-19 09:08:19 Success.
2026-07-19 09:08:19 Latest version is 1.12.7
2026-07-19 09:08:19 App is up to date.
2026-07-19 10:08:19 Checking for update using Github
2026-07-19 10:08:19 Success.
2026-07-19 10:08:19 Latest version is 1.12.7
2026-07-19 10:08:19 App is up to date.
2026-07-19 11:08:19 Checking for update using Github
2026-07-19 11:08:19 Success.
2026-07-19 11:08:19 Latest version is 1.12.7
2026-07-19 11:08:19 App is up to date.
2026-07-19 12:08:19 Checking for update using Github
2026-07-19 12:08:19 Success.
2026-07-19 12:08:19 Latest version is 1.12.7
2026-07-19 12:08:19 App is up to date.
2026-07-20 09:24:25 Loaded main app package /usr/lib/obsidian/obsidian.asar
2026-07-20 09:24:26 Checking for update using Github
2026-07-20 09:24:27 Success.
2026-07-20 09:24:27 Latest version is 1.12.7
2026-07-20 09:24:27 App is up to date.
2026-07-20 10:24:25 Checking for update using Github
2026-07-20 10:24:25 Success.
2026-07-20 10:24:25 Latest version is 1.12.7
2026-07-20 10:24:25 App is up to date.
2026-07-20 11:24:26 Checking for update using Github
2026-07-20 11:24:26 Success.
2026-07-20 11:24:26 Latest version is 1.12.7
2026-07-20 11:24:26 App is up to date.
2026-07-20 12:24:26 Checking for update using Github
2026-07-20 12:24:26 Success.
2026-07-20 12:24:26 Latest version is 1.12.7
2026-07-20 12:24:26 App is up to date.
2026-07-20 13:24:26 Checking for update using Github
2026-07-20 13:24:26 Success.
2026-07-20 13:24:26 Latest version is 1.12.7
2026-07-20 13:24:26 App is up to date.
2026-07-20 20:41:03 Loaded main app package /usr/lib/obsidian/obsidian.asar
2026-07-20 20:41:05 Checking for update using Github
2026-07-20 20:41:06 Success.
2026-07-20 20:41:06 Latest version is 1.12.7
2026-07-20 20:41:06 App is up to date.
2026-07-20 21:41:03 Checking for update using Github
2026-07-20 21:41:03 Success.
2026-07-20 21:41:03 Latest version is 1.12.7
2026-07-20 21:41:03 App is up to date.
2026-07-20 22:41:03 Checking for update using Github
2026-07-20 22:41:03 Success.
2026-07-20 22:41:03 Latest version is 1.12.7
2026-07-20 22:41:03 App is up to date.
2026-07-21 09:26:46 Loaded main app package /usr/lib/obsidian/obsidian.asar
2026-07-21 09:26:46 Checking for update using Github
2026-07-21 09:26:47 Success.
2026-07-21 09:26:47 Latest version is 1.12.7
2026-07-21 09:26:47 App is up to date.
2026-07-21 10:26:46 Checking for update using Github
2026-07-21 10:26:46 Success.
2026-07-21 10:26:46 Latest version is 1.12.7
2026-07-21 10:26:46 App is up to date.
2026-07-21 11:26:46 Checking for update using Github
2026-07-21 11:26:46 Success.
2026-07-21 11:26:46 Latest version is 1.12.7
2026-07-21 11:26:46 App is up to date.
2026-07-21 12:01:10 Loaded main app package /usr/lib/obsidian/obsidian.asar
2026-07-21 12:01:11 Checking for update using Github
2026-07-21 12:01:12 Success.
2026-07-21 12:01:12 Latest version is 1.12.7
2026-07-21 12:01:12 App is up to date.
2026-07-21 20:38:59 Loaded main app package /usr/lib/obsidian/obsidian.asar
2026-07-21 20:39:01 Checking for update using Github
2026-07-21 20:39:02 Success.
2026-07-21 20:39:02 Latest version is 1.12.7
2026-07-21 20:39:02 App is up to date.
2026-07-21 21:38:59 Checking for update using Github
2026-07-21 21:38:59 Success.
2026-07-21 21:38:59 Latest version is 1.12.7
2026-07-21 21:38:59 App is up to date.
2026-07-21 22:38:59 Checking for update using Github
2026-07-21 22:38:59 Success.
2026-07-21 22:38:59 Latest version is 1.12.7
2026-07-21 22:38:59 App is up to date.
2026-07-22 08:57:51 Loaded main app package /usr/lib/obsidian/obsidian.asar
2026-07-22 08:57:51 Checking for update using Github
2026-07-22 08:57:52 Success.
2026-07-22 08:57:52 Latest version is 1.12.7
2026-07-22 08:57:52 App is up to date.
2026-07-22 09:57:51 Checking for update using Github
2026-07-22 09:57:51 Success.
2026-07-22 09:57:51 Latest version is 1.12.7
2026-07-22 09:57:51 App is up to date.
2026-07-22 10:57:51 Checking for update using Github
2026-07-22 10:57:51 Success.
2026-07-22 10:57:51 Latest version is 1.12.7
2026-07-22 10:57:51 App is up to date.
2026-07-22 11:57:51 Checking for update using Github
2026-07-22 11:57:51 Success.
2026-07-22 11:57:51 Latest version is 1.12.7
2026-07-22 11:57:51 App is up to date.
2026-07-22 20:41:53 Loaded main app package /usr/lib/obsidian/obsidian.asar
2026-07-22 20:41:54 Checking for update using Github
2026-07-22 20:41:55 Success.
2026-07-22 20:41:55 Latest version is 1.12.7
2026-07-22 20:41:55 App is up to date.
2026-07-22 21:41:52 Checking for update using Github
2026-07-22 21:41:52 Success.
2026-07-22 21:41:52 Latest version is 1.12.7
2026-07-22 21:41:52 App is up to date.
2026-07-22 22:41:52 Checking for update using Github
2026-07-22 22:41:52 Success.
2026-07-22 22:41:52 Latest version is 1.12.7
2026-07-22 22:41:52 App is up to date.
2026-07-23 09:06:07 Loaded main app package /usr/lib/obsidian/obsidian.asar
2026-07-23 09:06:08 Checking for update using Github
2026-07-23 09:06:09 Success.
2026-07-23 09:06:09 Latest version is 1.12.7
2026-07-23 09:06:09 App is up to date.
2026-07-23 10:06:07 Checking for update using Github
2026-07-23 10:06:07 Success.
2026-07-23 10:06:07 Latest version is 1.12.7
2026-07-23 10:06:07 App is up to date.
2026-07-23 11:06:07 Checking for update using Github
2026-07-23 11:06:07 Success.
2026-07-23 11:06:07 Latest version is 1.12.7
2026-07-23 11:06:07 App is up to date.
2026-07-23 12:06:07 Checking for update using Github
2026-07-23 12:06:07 Success.
2026-07-23 12:06:07 Latest version is 1.12.7
2026-07-23 12:06:07 App is up to date.
2026-07-23 13:06:07 Checking for update using Github
2026-07-23 13:06:07 Success.
2026-07-23 13:06:07 Latest version is 1.12.7
2026-07-23 13:06:07 App is up to date.
2026-07-24 11:46:57 Loaded main app package /usr/lib/obsidian/obsidian.asar
2026-07-24 11:46:58 Checking for update using Github
2026-07-24 11:46:59 Success.
2026-07-24 11:46:59 Latest version is 1.12.7
2026-07-24 11:46:59 App is up to date.
2026-07-24 12:46:56 Checking for update using Github
2026-07-24 12:46:56 Success.
2026-07-24 12:46:56 Latest version is 1.12.7
2026-07-24 12:46:56 App is up to date.
2026-07-24 13:46:56 Checking for update using Github
2026-07-24 13:46:57 Success.
2026-07-24 13:46:57 Latest version is 1.12.7
2026-07-24 13:46:57 App is up to date.
2026-07-25 02:25:35 Loaded main app package /usr/lib/obsidian/obsidian.asar
2026-07-25 02:25:36 Checking for update using Github
2026-07-25 02:25:37 Success.
2026-07-25 02:25:37 Latest version is 1.12.7
2026-07-25 02:25:37 App is up to date.
2026-07-25 03:25:35 Checking for update using Github
2026-07-25 03:25:35 Success.
2026-07-25 03:25:35 Latest version is 1.12.7
2026-07-25 03:25:35 App is up to date.
2026-07-25 04:25:35 Checking for update using Github
2026-07-25 04:25:35 Success.
2026-07-25 04:25:35 Latest version is 1.12.7
2026-07-25 04:25:35 App is up to date.
2026-07-26 04:06:16 Loaded main app package /usr/lib/obsidian/obsidian.asar
2026-07-26 04:06:18 Checking for update using Github
2026-07-26 04:06:20 Success.
2026-07-26 04:06:20 Latest version is 1.12.7
2026-07-26 04:06:20 App is up to date.
2026-07-26 07:41:25 Loaded main app package /usr/lib/obsidian/obsidian.asar
2026-07-26 07:41:26 Checking for update using Github
2026-07-26 07:41:27 Success.
2026-07-26 07:41:27 Latest version is 1.12.7
2026-07-26 07:41:27 App is up to date.
2026-07-26 08:41:25 Checking for update using Github
2026-07-26 08:41:25 Success.
2026-07-26 08:41:25 Latest version is 1.12.7
2026-07-26 08:41:25 App is up to date.
2026-07-26 09:41:25 Checking for update using Github
2026-07-26 09:41:25 Success.
2026-07-26 09:41:25 Latest version is 1.12.7
2026-07-26 09:41:25 App is up to date.
2026-07-26 10:41:25 Checking for update using Github
2026-07-26 10:41:25 Success.
2026-07-26 10:41:25 Latest version is 1.12.7
2026-07-26 10:41:25 App is up to date.
2026-07-26 11:41:26 Checking for update using Github
2026-07-26 11:41:26 Success.
2026-07-26 11:41:26 Latest version is 1.12.7
2026-07-26 11:41:26 App is up to date.
2026-07-26 12:41:26 Checking for update using Github
2026-07-26 12:41:26 Success.
2026-07-26 12:41:26 Latest version is 1.12.7
2026-07-26 12:41:26 App is up to date.
2026-07-27 09:50:17 Loaded main app package /usr/lib/obsidian/obsidian.asar
2026-07-27 09:50:18 Checking for update using Github
2026-07-27 09:50:19 Success.
2026-07-27 09:50:19 Latest version is 1.12.7
2026-07-27 09:50:19 App is up to date.
2026-07-27 10:50:17 Checking for update using Github
2026-07-27 10:50:17 Success.
2026-07-27 10:50:17 Latest version is 1.12.7
2026-07-27 10:50:17 App is up to date.
2026-07-27 11:50:17 Checking for update using Github
2026-07-27 11:50:17 Success.
2026-07-27 11:50:17 Latest version is 1.12.7
2026-07-27 11:50:17 App is up to date.
2026-07-28 08:39:41 Loaded main app package /usr/lib/obsidian/obsidian.asar
2026-07-28 08:39:42 Checking for update using Github
2026-07-28 08:39:43 Success.
2026-07-28 08:39:43 Latest version is 1.12.7
2026-07-28 08:39:43 App is up to date.
2026-07-28 09:39:40 Checking for update using Github
2026-07-28 09:39:41 Success.
2026-07-28 09:39:41 Latest version is 1.12.7
2026-07-28 09:39:41 App is up to date.
2026-07-28 10:39:41 Checking for update using Github
2026-07-28 10:39:41 Success.
2026-07-28 10:39:41 Latest version is 1.12.7
2026-07-28 10:39:41 App is up to date.
2026-07-28 11:39:41 Checking for update using Github
2026-07-28 11:39:41 Success.
2026-07-28 11:39:41 Latest version is 1.12.7
2026-07-28 11:39:41 App is up to date.
2026-07-28 12:39:41 Checking for update using Github
2026-07-28 12:39:41 Success.
2026-07-28 12:39:41 Latest version is 1.12.7
2026-07-28 12:39:41 App is up to date.
2026-07-28 20:38:15 Loaded main app package /usr/lib/obsidian/obsidian.asar
2026-07-28 20:38:16 Checking for update using Github
2026-07-28 20:38:16 Success.
2026-07-28 20:38:16 Latest version is 1.12.7
2026-07-28 20:38:16 App is up to date.
2026-07-28 21:38:15 Checking for update using Github
2026-07-28 21:38:15 Success.
2026-07-28 21:38:15 Latest version is 1.12.7
2026-07-28 21:38:15 App is up to date.
2026-07-28 22:38:15 Checking for update using Github
2026-07-28 22:38:15 Success.
2026-07-28 22:38:15 Latest version is 1.12.7
2026-07-28 22:38:15 App is up to date.
2026-07-29 10:11:13 Loaded main app package /usr/lib/obsidian/obsidian.asar
2026-07-29 10:11:14 Checking for update using Github
2026-07-29 10:11:16 Success.
2026-07-29 10:11:16 Latest version is 1.12.7
2026-07-29 10:11:16 App is up to date.
2026-07-29 11:11:12 Checking for update using Github
2026-07-29 11:11:12 Success.
2026-07-29 11:11:12 Latest version is 1.12.7
2026-07-29 11:11:12 App is up to date.
2026-07-29 12:11:12 Checking for update using Github
2026-07-29 12:11:12 Success.
2026-07-29 12:11:12 Latest version is 1.12.7
2026-07-29 12:11:12 App is up to date.
2026-07-29 13:11:12 Checking for update using Github
2026-07-29 13:11:12 Success.
2026-07-29 13:11:12 Latest version is 1.12.7
2026-07-29 13:11:12 App is up to date.
2026-07-29 20:44:58 Loaded main app package /usr/lib/obsidian/obsidian.asar
2026-07-29 20:44:59 Checking for update using Github
2026-07-29 20:45:00 Success.
2026-07-29 20:45:00 Latest version is 1.12.7
2026-07-29 20:45:00 App is up to date.
2026-07-29 21:44:58 Checking for update using Github
2026-07-29 21:44:58 Success.
2026-07-29 21:44:58 Latest version is 1.12.7
2026-07-29 21:44:58 App is up to date.
2026-07-29 22:44:58 Checking for update using Github
2026-07-29 22:44:58 Success.
2026-07-29 22:44:58 Latest version is 1.12.7
2026-07-29 22:44:58 App is up to date.
2026-07-30 09:23:43 Loaded main app package /usr/lib/obsidian/obsidian.asar
2026-07-30 09:23:45 Checking for update using Github
2026-07-30 09:23:46 Success.
2026-07-30 09:23:46 Latest version is 1.12.7
2026-07-30 09:23:46 App is up to date.
2026-07-30 09:51:27 Loaded main app package /usr/lib/obsidian/obsidian.asar
2026-07-30 09:51:28 Checking for update using Github
2026-07-30 09:51:29 Success.
2026-07-30 09:51:29 Latest version is 1.12.7
2026-07-30 09:51:29 App is up to date.
2026-07-30 10:51:27 Checking for update using Github
2026-07-30 10:51:27 Success.
2026-07-30 10:51:27 Latest version is 1.12.7
2026-07-30 10:51:27 App is up to date.
2026-07-30 12:14:54 Loaded main app package /usr/lib/obsidian/obsidian.asar
2026-07-30 12:14:55 Checking for update using Github
2026-07-30 12:14:56 Success.
2026-07-30 12:14:56 Latest version is 1.12.7
2026-07-30 12:14:56 App is up to date.
2026-07-30 13:14:54 Checking for update using Github
2026-07-30 13:14:54 Success.
2026-07-30 13:14:54 Latest version is 1.12.7
2026-07-30 13:14:54 App is up to date.
2026-07-31 10:16:46 Loaded main app package /usr/lib/obsidian/obsidian.asar
2026-07-31 10:16:47 Checking for update using Github
2026-07-31 10:16:48 Success.
2026-07-31 10:16:48 Latest version is 1.13.4
2026-07-31 10:16:48 Downloading update from https://github.com/obsidianmd/obsidian-releases/releases/download/v1.13.4/obsidian-1.13.4.asar.gz
2026-07-31 10:16:50 Verifying hash & signature. Size= 8772423
2026-07-31 10:16:50 Saving file
2026-07-31 10:16:52 Update complete.
2026-07-31 11:16:45 Checking for update using Github
2026-07-31 11:16:45 Success.
2026-07-31 11:16:45 Latest version is 1.13.4
2026-07-31 11:16:45 An update is already downloaded.
2026-07-31 12:16:45 Checking for update using Github
2026-07-31 12:16:45 Success.
2026-07-31 12:16:45 Latest version is 1.13.4
2026-07-31 12:16:45 An update is already downloaded.
2026-07-31 12:46:36 Loaded updated app package /home/nightmare/.config/obsidian/obsidian-1.13.4.asar
2026-07-31 12:46:36 Checking for update using Github
2026-07-31 12:46:37 Success.
2026-07-31 12:46:37 Latest version is 1.13.4
2026-07-31 12:46:37 App is up to date.
2026-07-31 22:32:19 Loaded updated app package /home/nightmare/.config/obsidian/obsidian-1.13.4.asar
2026-07-31 22:32:20 Checking for update using Github
2026-07-31 22:32:21 Success.
2026-07-31 22:32:21 Latest version is 1.13.4
2026-07-31 22:32:21 App is up to date.
2026-07-31 23:52:38 Loaded updated app package /home/nightmare/.config/obsidian/obsidian-1.13.4.asar
2026-07-31 23:52:40 Checking for update using Github
2026-07-31 23:52:41 Success.
2026-07-31 23:52:41 Latest version is 1.13.4
2026-07-31 23:52:41 App is up to date.
2026-08-01 07:47:31 Loaded updated app package /home/nightmare/.config/obsidian/obsidian-1.13.4.asar
2026-08-01 07:47:32 Checking for update using Github
2026-08-01 07:47:33 Success.
2026-08-01 07:47:33 Latest version is 1.13.4
2026-08-01 07:47:33 App is up to date.
2026-08-01 08:38:51 Loaded updated app package /home/nightmare/.config/obsidian/obsidian-1.13.4.asar
2026-08-01 08:38:52 Checking for update using Github
2026-08-01 08:38:52 Success.
2026-08-01 08:38:52 Latest version is 1.13.4
2026-08-01 08:38:52 App is up to date.
2026-08-01 09:38:51 Checking for update using Github
2026-08-01 09:38:51 Success.
2026-08-01 09:38:51 Latest version is 1.13.4
2026-08-01 09:38:51 App is up to date.
2026-08-01 10:38:51 Checking for update using Github
2026-08-01 10:38:51 Success.
2026-08-01 10:38:51 Latest version is 1.13.4
2026-08-01 10:38:51 App is up to date.
2026-08-01 11:38:51 Checking for update using Github
2026-08-01 11:38:51 Success.
2026-08-01 11:38:51 Latest version is 1.13.4
2026-08-01 11:38:51 App is up to date.
2026-08-01 12:38:51 Checking for update using Github
2026-08-01 12:38:51 Success.
2026-08-01 12:38:51 Latest version is 1.13.4
2026-08-01 12:38:51 App is up to date.
2026-08-01 13:38:51 Checking for update using Github
2026-08-01 13:38:51 Success.
2026-08-01 13:38:51 Latest version is 1.13.4
2026-08-01 13:38:51 App is up to date.
2026-08-01 14:38:51 Checking for update using Github
2026-08-01 14:38:51 Success.
2026-08-01 14:38:51 Latest version is 1.13.4
2026-08-01 14:38:51 App is up to date.
2026-08-01 15:38:51 Checking for update using Github
2026-08-01 15:38:51 Success.
2026-08-01 15:38:51 Latest version is 1.13.4
2026-08-01 15:38:51 App is up to date.
2026-08-01 16:30:17 Loaded updated app package /home/nightmare/.config/obsidian/obsidian-1.13.4.asar
2026-08-01 16:30:18 Checking for update using Github
2026-08-01 16:30:18 Success.
2026-08-01 16:30:18 Latest version is 1.13.4
2026-08-01 16:30:18 App is up to date.
2026-08-02 04:23:07 Loaded updated app package /home/nightmare/.config/obsidian/obsidian-1.13.4.asar
2026-08-02 04:23:08 Checking for update using Github
2026-08-02 04:23:08 Success.
2026-08-02 04:23:08 Latest version is 1.13.4
2026-08-02 04:23:08 App is up to date.
2026-08-02 05:23:07 Checking for update using Github
2026-08-02 05:23:07 Success.
2026-08-02 05:23:07 Latest version is 1.13.4
2026-08-02 05:23:07 App is up to date.
2026-08-02 06:23:07 Checking for update using Github
2026-08-02 06:23:07 Success.
2026-08-02 06:23:07 Latest version is 1.13.4
2026-08-02 06:23:07 App is up to date.
2026-08-02 07:11:07 Loaded updated app package /home/nightmare/.config/obsidian/obsidian-1.13.4.asar
2026-08-02 07:11:07 Checking for update using Github
2026-08-02 07:11:08 Success.
2026-08-02 07:11:08 Latest version is 1.13.4
2026-08-02 07:11:08 App is up to date.
2026-08-02 08:11:07 Checking for update using Github
2026-08-02 08:11:07 Success.
2026-08-02 08:11:07 Latest version is 1.13.4
2026-08-02 08:11:07 App is up to date.
2026-08-02 09:11:07 Checking for update using Github
2026-08-02 09:11:07 Success.
2026-08-02 09:11:07 Latest version is 1.13.4
2026-08-02 09:11:07 App is up to date.
2026-08-02 09:29:24 Loaded updated app package /home/nightmare/.config/obsidian/obsidian-1.13.4.asar
2026-08-02 09:29:25 Checking for update using Github
2026-08-02 09:29:26 Success.
2026-08-02 09:29:26 Latest version is 1.13.4
2026-08-02 09:29:26 App is up to date.
2026-08-02 10:29:23 Checking for update using Github
2026-08-02 10:29:23 Success.
2026-08-02 10:29:23 Latest version is 1.13.4
2026-08-02 10:29:23 App is up to date.
2026-08-02 22:55:47 Loaded updated app /home/nightmare/.config/obsidian/obsidian-1.13.4.asar
2026-08-02 22:55:48 Checking for update using Github
2026-08-02 22:55:49 Success.
2026-08-02 22:55:49 Latest version is 1.13.4
2026-08-02 22:55:49 App is up to date.
2026-08-02 22:55:56 Loaded updated app /home/nightmare/.config/obsidian/obsidian-1.13.4.asar
2026-08-02 22:55:56 Loaded updated app /home/nightmare/.config/obsidian/obsidian-1.13.4.asar
2026-08-02 22:55:59 Loaded updated app /home/nightmare/.config/obsidian/obsidian-1.13.4.asar
2026-08-02 22:56:15 Loaded updated app /home/nightmare/.config/obsidian/obsidian-1.13.4.asar
2026-08-02 22:56:16 Checking for update using Github
2026-08-02 22:56:17 Success.
2026-08-02 22:56:17 Latest version is 1.13.4
2026-08-02 22:56:17 App is up to date.
2026-08-02 22:59:17 Loaded updated app /home/nightmare/.config/obsidian/obsidian-1.13.4.asar
2026-08-02 22:59:18 Checking for update using Github
2026-08-02 22:59:18 Success.
2026-08-02 22:59:18 Latest version is 1.13.4
2026-08-02 22:59:18 App is up to date.
2026-08-02 23:12:20 Loaded updated app /home/nightmare/.config/obsidian/obsidian-1.13.4.asar
2026-08-02 23:12:20 Checking for update using Github
2026-08-02 23:12:21 Success.
2026-08-02 23:12:21 Latest version is 1.13.4
2026-08-02 23:12:21 App is up to date.
2026-08-02 23:12:27 Loaded updated app /home/nightmare/.config/obsidian/obsidian-1.13.4.asar
2026-08-02 23:12:28 Checking for update using Github
2026-08-02 23:12:28 Success.
2026-08-02 23:12:28 Latest version is 1.13.4
2026-08-02 23:12:28 App is up to date.
2026-08-02 23:12:35 Loaded updated app /home/nightmare/.config/obsidian/obsidian-1.13.4.asar
2026-08-02 23:12:35 Checking for update using Github
2026-08-02 23:12:36 Success.
2026-08-02 23:12:36 Latest version is 1.13.4
2026-08-02 23:12:36 App is up to date.
2026-08-02 23:14:24 Loaded updated app /home/nightmare/.config/obsidian/obsidian-1.13.4.asar
2026-08-02 23:14:25 Checking for update using Github
2026-08-02 23:14:25 Success.
2026-08-02 23:14:25 Latest version is 1.13.4
2026-08-02 23:14:25 App is up to date.
2026-08-02 23:14:50 Loaded updated app /home/nightmare/.config/obsidian/obsidian-1.13.4.asar
2026-08-02 23:14:50 Checking for update using Github
2026-08-02 23:14:51 Success.
2026-08-02 23:14:51 Latest version is 1.13.4
2026-08-02 23:14:51 App is up to date.
2026-08-02 23:16:17 Loaded updated app /home/nightmare/.config/obsidian/obsidian-1.13.4.asar
2026-08-02 23:16:18 Checking for update using Github
2026-08-02 23:16:18 Success.
2026-08-02 23:16:18 Latest version is 1.13.4
2026-08-02 23:16:18 App is up to date.
2026-08-02 23:16:25 Loaded updated app /home/nightmare/.config/obsidian/obsidian-1.13.4.asar
2026-08-02 23:16:25 Checking for update using Github
2026-08-02 23:16:26 Success.
2026-08-02 23:16:26 Latest version is 1.13.4
2026-08-02 23:16:26 App is up to date.
2026-08-02 23:17:04 Loaded updated app /home/nightmare/.config/obsidian/obsidian-1.13.4.asar
2026-08-02 23:17:04 Checking for update using Github
2026-08-02 23:17:05 Success.
2026-08-02 23:17:05 Latest version is 1.13.4
2026-08-02 23:17:05 App is up to date.
2026-08-02 23:18:15 Loaded updated app /home/nightmare/.config/obsidian/obsidian-1.13.4.asar
2026-08-02 23:18:16 Checking for update using Github
2026-08-02 23:18:17 Success.
2026-08-02 23:18:17 Latest version is 1.13.4
2026-08-02 23:18:17 App is up to date.
2026-08-03 00:18:15 Checking for update using Github
2026-08-03 00:18:15 Success.
2026-08-03 00:18:15 Latest version is 1.13.4
2026-08-03 00:18:15 App is up to date.
2026-08-03 01:18:15 Checking for update using Github
2026-08-03 01:18:15 Success.
2026-08-03 01:18:15 Latest version is 1.13.4
2026-08-03 01:18:15 App is up to date.
2026-08-03 02:18:15 Checking for update using Github
2026-08-03 02:18:15 Success.
2026-08-03 02:18:15 Latest version is 1.13.4
2026-08-03 02:18:15 App is up to date.
2026-08-03 03:18:16 Checking for update using Github
2026-08-03 03:18:16 Success.
2026-08-03 03:18:16 Latest version is 1.13.4
2026-08-03 03:18:16 App is up to date.
2026-08-03 04:18:16 Checking for update using Github
2026-08-03 04:18:16 Success.
2026-08-03 04:18:16 Latest version is 1.13.4
2026-08-03 04:18:16 App is up to date.
2026-08-03 05:18:16 Checking for update using Github
2026-08-03 05:18:16 Success.
2026-08-03 05:18:16 Latest version is 1.13.4
2026-08-03 05:18:16 App is up to date.
2026-08-03 06:18:16 Checking for update using Github
2026-08-03 06:18:16 Success.
2026-08-03 06:18:16 Latest version is 1.13.4
2026-08-03 06:18:16 App is up to date.
2026-08-03 07:06:00 Loaded updated app /home/nightmare/.config/obsidian/obsidian-1.13.4.asar
2026-08-03 07:06:01 Checking for update using Github
2026-08-03 07:06:03 Success.
2026-08-03 07:06:03 Latest version is 1.13.4
2026-08-03 07:06:03 App is up to date.
2026-08-03 09:36:12 Loaded updated app /home/nightmare/.config/obsidian/obsidian-1.13.4.asar
2026-08-03 09:36:14 Checking for update using Github
2026-08-03 09:36:15 Success.
2026-08-03 09:36:15 Latest version is 1.13.4
2026-08-03 09:36:15 App is up to date.
2026-08-03 10:36:11 Checking for update using Github
2026-08-03 10:36:12 Success.
2026-08-03 10:36:12 Latest version is 1.13.4
2026-08-03 10:36:12 App is up to date.
2026-08-03 11:34:49 Loaded updated app /home/nightmare/.config/obsidian/obsidian-1.13.4.asar
2026-08-03 11:34:50 Checking for update using Github
2026-08-03 11:34:51 Success.
2026-08-03 11:34:51 Latest version is 1.13.4
2026-08-03 11:34:51 App is up to date.
2026-08-03 12:34:49 Checking for update using Github
2026-08-03 12:34:49 Success.
2026-08-03 12:34:49 Latest version is 1.13.4
2026-08-03 12:34:49 App is up to date.
2026-08-03 13:34:49 Checking for update using Github
2026-08-03 13:34:49 Success.
2026-08-03 13:34:49 Latest version is 1.13.4
2026-08-03 13:34:49 App is up to date.
2026-08-03 22:06:09 Loaded updated app /home/nightmare/.config/obsidian/obsidian-1.13.4.asar
2026-08-03 22:06:10 Checking for update using Github
2026-08-03 22:06:11 Success.
2026-08-03 22:06:11 Latest version is 1.13.4
2026-08-03 22:06:11 App is up to date.
2026-08-04 09:57:18 Loaded updated app /home/nightmare/.config/obsidian/obsidian-1.13.4.asar
2026-08-04 09:57:19 Checking for update using Github
2026-08-04 09:57:20 Success.
2026-08-04 09:57:20 Latest version is 1.13.4
2026-08-04 09:57:20 App is up to date.
2026-08-04 10:25:50 Loaded updated app /home/nightmare/.config/obsidian/obsidian-1.13.4.asar
2026-08-04 10:25:51 Checking for update using Github
2026-08-04 10:25:52 Success.
2026-08-04 10:25:52 Latest version is 1.13.4
2026-08-04 10:25:52 App is up to date.
2026-08-04 11:25:50 Checking for update using Github
2026-08-04 11:25:50 Success.
2026-08-04 11:25:50 Latest version is 1.13.4
2026-08-04 11:25:50 App is up to date.
2026-08-04 11:38:42 Loaded updated app /home/nightmare/.config/obsidian/obsidian-1.13.4.asar
2026-08-04 12:25:50 Checking for update using Github
2026-08-04 12:25:50 Success.
2026-08-04 12:25:50 Latest version is 1.13.4
2026-08-04 12:25:50 App is up to date.
2026-08-04 13:25:50 Checking for update using Github
2026-08-04 13:25:50 Success.
2026-08-04 13:25:50 Latest version is 1.13.4
2026-08-04 13:25:50 App is up to date.
2026-08-04 14:25:50 Checking for update using Github
2026-08-04 14:25:50 Success.
2026-08-04 14:25:50 Latest version is 1.13.4
2026-08-04 14:25:50 App is up to date.
2026-08-04 20:36:23 Loaded updated app /home/nightmare/.config/obsidian/obsidian-1.13.4.asar
2026-08-04 20:36:25 Checking for update using Github
2026-08-04 20:36:26 Success.
2026-08-04 20:36:26 Latest version is 1.13.4
2026-08-04 20:36:26 App is up to date.
2026-08-04 20:41:46 Loaded updated app /home/nightmare/.config/obsidian/obsidian-1.13.4.asar
2026-08-04 20:41:46 Checking for update using Github
2026-08-04 20:41:47 Success.
2026-08-04 20:41:47 Latest version is 1.13.4
2026-08-04 20:41:47 App is up to date.
2026-08-04 20:52:30 Loaded updated app /home/nightmare/.config/obsidian/obsidian-1.13.4.asar
2026-08-04 20:52:32 Checking for update using Github
2026-08-04 20:52:34 Success.
2026-08-04 20:52:34 Latest version is 1.13.4
2026-08-04 20:52:34 App is up to date.
2026-08-04 21:52:30 Checking for update using Github
2026-08-04 21:52:30 Success.
2026-08-04 21:52:30 Latest version is 1.13.4
2026-08-04 21:52:30 App is up to date.
2026-08-05 06:12:37 Loaded updated app /home/nightmare/.config/obsidian/obsidian-1.13.4.asar
2026-08-05 06:12:38 Checking for update using Github
2026-08-05 06:12:40 Success.
2026-08-05 06:12:40 Latest version is 1.13.4
2026-08-05 06:12:40 App is up to date.
2026-08-05 07:12:37 Checking for update using Github
2026-08-05 07:12:37 Success.
2026-08-05 07:12:37 Latest version is 1.13.4
2026-08-05 07:12:37 App is up to date.
2026-08-05 08:12:37 Checking for update using Github
2026-08-05 08:12:37 Success.
2026-08-05 08:12:37 Latest version is 1.13.4
2026-08-05 08:12:37 App is up to date.
2026-08-05 09:12:37 Checking for update using Github
2026-08-05 09:12:37 Success.
2026-08-05 09:12:37 Latest version is 1.13.4
2026-08-05 09:12:37 App is up to date.
2026-08-05 10:12:37 Checking for update using Github
2026-08-05 10:12:37 Success.
2026-08-05 10:12:37 Latest version is 1.13.4
2026-08-05 10:12:37 App is up to date.
2026-08-05 11:12:37 Checking for update using Github
2026-08-05 11:12:37 Success.
2026-08-05 11:12:37 Latest version is 1.13.4
2026-08-05 11:12:37 App is up to date.
2026-08-05 12:12:37 Checking for update using Github
2026-08-05 12:12:37 Success.
2026-08-05 12:12:37 Latest version is 1.13.4
2026-08-05 12:12:37 App is up to date.
2026-08-06 04:36:43 Loaded updated app /home/nightmare/.config/obsidian/obsidian-1.13.4.asar
2026-08-06 04:36:44 Checking for update using Github
2026-08-06 04:36:46 Success.
2026-08-06 04:36:46 Latest version is 1.13.4
2026-08-06 04:36:46 App is up to date.
2026-08-06 05:36:43 Checking for update using Github
2026-08-06 05:36:44 Success.
2026-08-06 05:36:44 Latest version is 1.13.4
2026-08-06 05:36:44 App is up to date.
2026-08-06 09:41:09 Loaded updated app /home/nightmare/.config/obsidian/obsidian-1.13.4.asar
2026-08-06 09:41:10 Checking for update using Github
2026-08-06 09:41:11 Success.
2026-08-06 09:41:11 Latest version is 1.13.4
2026-08-06 09:41:11 App is up to date.
2026-08-06 10:41:09 Checking for update using Github
2026-08-06 10:41:09 Success.
2026-08-06 10:41:09 Latest version is 1.13.4
2026-08-06 10:41:09 App is up to date.
2026-08-06 11:41:09 Checking for update using Github
2026-08-06 11:41:09 Success.
2026-08-06 11:41:09 Latest version is 1.13.4
2026-08-06 11:41:09 App is up to date.
2026-08-06 12:41:09 Checking for update using Github
2026-08-06 12:41:09 Success.
2026-08-06 12:41:09 Latest version is 1.13.4
2026-08-06 12:41:09 App is up to date.
2026-08-06 22:20:15 Loaded updated app /home/nightmare/.config/obsidian/obsidian-1.13.4.asar
2026-08-06 22:20:17 Checking for update using Github
2026-08-06 22:20:18 Success.
2026-08-06 22:20:18 Latest version is 1.13.4
2026-08-06 22:20:18 App is up to date.
2026-08-06 23:20:15 Checking for update using Github
2026-08-06 23:20:15 Success.
2026-08-06 23:20:15 Latest version is 1.13.4
2026-08-06 23:20:15 App is up to date.
2026-08-07 00:20:15 Checking for update using Github
2026-08-07 00:20:16 Success.
2026-08-07 00:20:16 Latest version is 1.13.4
2026-08-07 00:20:16 App is up to date.
2026-08-07 01:20:15 Checking for update using Github
2026-08-07 01:20:16 Success.
2026-08-07 01:20:16 Latest version is 1.13.4
2026-08-07 01:20:16 App is up to date.
2026-08-07 01:37:52 Loaded updated app /home/nightmare/.config/obsidian/obsidian-1.13.4.asar
2026-08-07 01:37:53 Checking for update using Github
2026-08-07 01:37:54 Success.
2026-08-07 01:37:54 Latest version is 1.13.4
2026-08-07 01:37:54 App is up to date.
2026-08-07 02:37:52 Checking for update using Github
2026-08-07 02:37:52 Success.
2026-08-07 02:37:52 Latest version is 1.13.4
2026-08-07 02:37:52 App is up to date.
2026-08-07 03:37:52 Checking for update using Github
2026-08-07 03:37:52 Success.
2026-08-07 03:37:52 Latest version is 1.13.4
2026-08-07 03:37:52 App is up to date.
2026-08-07 04:37:52 Checking for update using Github
2026-08-07 04:37:52 Success.
2026-08-07 04:37:52 Latest version is 1.13.4
2026-08-07 04:37:52 App is up to date.
2026-08-07 05:37:52 Checking for update using Github
2026-08-07 05:37:52 Success.
2026-08-07 05:37:52 Latest version is 1.13.4
2026-08-07 05:37:52 App is up to date.
2026-08-07 06:37:52 Checking for update using Github
2026-08-07 06:37:52 Success.
2026-08-07 06:37:52 Latest version is 1.13.4
2026-08-07 06:37:52 App is up to date.
2026-08-07 11:07:25 Loaded updated app /home/nightmare/.config/obsidian/obsidian-1.13.4.asar
2026-08-07 11:07:26 Checking for update using Github
2026-08-07 11:07:27 Success.
2026-08-07 11:07:27 Latest version is 1.13.4
2026-08-07 11:07:27 App is up to date.
2026-08-07 12:07:25 Checking for update using Github
2026-08-07 12:07:25 Success.
2026-08-07 12:07:25 Latest version is 1.13.4
2026-08-07 12:07:25 App is up to date.
2026-08-07 13:07:25 Checking for update using Github
2026-08-07 13:07:25 Success.
2026-08-07 13:07:25 Latest version is 1.13.4
2026-08-07 13:07:25 App is up to date.
2026-08-07 14:07:25 Checking for update using Github
2026-08-07 14:07:25 Success.
2026-08-07 14:07:25 Latest version is 1.13.4
2026-08-07 14:07:25 App is up to date.
2026-08-07 23:11:07 Loaded updated app /home/nightmare/.config/obsidian/obsidian-1.13.4.asar
2026-08-07 23:11:08 Checking for update using Github
2026-08-07 23:11:09 Success.
2026-08-07 23:11:09 Latest version is 1.13.4
2026-08-07 23:11:09 App is up to date.
2026-08-08 00:11:07 Checking for update using Github
2026-08-08 00:11:07 Success.
2026-08-08 00:11:07 Latest version is 1.13.4
2026-08-08 00:11:07 App is up to date.
2026-08-08 01:11:07 Checking for update using Github
2026-08-08 01:11:07 Success.
2026-08-08 01:11:07 Latest version is 1.13.4
2026-08-08 01:11:07 App is up to date.
2026-08-08 02:11:07 Checking for update using Github
2026-08-08 02:11:07 Success.
2026-08-08 02:11:07 Latest version is 1.13.4
2026-08-08 02:11:07 App is up to date.
2026-08-08 03:11:07 Checking for update using Github
2026-08-08 03:11:07 Success.
2026-08-08 03:11:07 Latest version is 1.13.4
2026-08-08 03:11:07 App is up to date.
2026-08-08 04:11:07 Checking for update using Github
2026-08-08 04:11:07 Success.
2026-08-08 04:11:07 Latest version is 1.13.4
2026-08-08 04:11:07 App is up to date.
2026-08-08 05:11:07 Checking for update using Github
2026-08-08 05:11:07 Success.
2026-08-08 05:11:07 Latest version is 1.13.4
2026-08-08 05:11:07 App is up to date.
2026-08-08 06:11:07 Checking for update using Github
2026-08-08 06:11:08 Success.
2026-08-08 06:11:08 Latest version is 1.13.4
2026-08-08 06:11:08 App is up to date.
2026-08-08 07:11:08 Checking for update using Github
2026-08-08 07:11:08 Success.
2026-08-08 07:11:08 Latest version is 1.13.4
2026-08-08 07:11:08 App is up to date.
2026-08-08 08:11:08 Checking for update using Github
2026-08-08 08:11:08 Success.
2026-08-08 08:11:08 Latest version is 1.13.4
2026-08-08 08:11:08 App is up to date.
2026-08-08 09:11:08 Checking for update using Github
2026-08-08 09:11:08 Success.
2026-08-08 09:11:08 Latest version is 1.13.4
2026-08-08 09:11:08 App is up to date.
2026-08-08 10:11:08 Checking for update using Github
2026-08-08 10:11:08 Success.
2026-08-08 10:11:08 Latest version is 1.13.4
2026-08-08 10:11:08 App is up to date.
2026-08-08 11:11:08 Checking for update using Github
2026-08-08 11:11:08 Success.
2026-08-08 11:11:08 Latest version is 1.13.4
2026-08-08 11:11:08 App is up to date.
2026-08-08 12:11:08 Checking for update using Github
2026-08-08 12:11:08 Success.
2026-08-08 12:11:08 Latest version is 1.13.4
2026-08-08 12:11:08 App is up to date.
2026-08-08 13:11:08 Checking for update using Github
2026-08-08 13:11:08 Success.
2026-08-08 13:11:08 Latest version is 1.13.4
2026-08-08 13:11:08 App is up to date.
2026-08-08 14:11:08 Checking for update using Github
2026-08-08 14:11:08 Success.
2026-08-08 14:11:08 Latest version is 1.13.4
2026-08-08 14:11:08 App is up to date.
2026-08-09 03:12:42 Loaded updated app /home/nightmare/.config/obsidian/obsidian-1.13.4.asar
2026-08-09 03:12:44 Checking for update using Github
2026-08-09 03:12:45 Success.
2026-08-09 03:12:45 Latest version is 1.13.4
2026-08-09 03:12:45 App is up to date.
2026-08-09 04:12:42 Checking for update using Github
2026-08-09 04:12:42 Success.
2026-08-09 04:12:42 Latest version is 1.13.4
2026-08-09 04:12:42 App is up to date.
2026-08-09 05:12:42 Checking for update using Github
2026-08-09 05:12:42 Success.
2026-08-09 05:12:42 Latest version is 1.13.4
2026-08-09 05:12:42 App is up to date.
2026-08-09 05:29:07 Loaded updated app /home/nightmare/.config/obsidian/obsidian-1.13.4.asar
2026-08-09 05:29:07 Checking for update using Github
2026-08-09 05:29:08 Success.
2026-08-09 05:29:08 Latest version is 1.13.4
2026-08-09 05:29:08 App is up to date.
2026-08-09 05:30:22 Loaded updated app /home/nightmare/.config/obsidian/obsidian-1.13.4.asar
2026-08-09 05:30:22 Checking for update using Github
2026-08-09 05:30:23 Success.
2026-08-09 05:30:23 Latest version is 1.13.4
2026-08-09 05:30:23 App is up to date.
2026-08-09 06:30:22 Checking for update using Github
2026-08-09 06:30:22 Success.
2026-08-09 06:30:22 Latest version is 1.13.4
2026-08-09 06:30:22 App is up to date.
2026-08-09 07:30:22 Checking for update using Github
2026-08-09 07:30:22 Success.
2026-08-09 07:30:22 Latest version is 1.13.4
2026-08-09 07:30:22 App is up to date.
2026-08-09 08:30:22 Checking for update using Github
2026-08-09 08:30:22 Success.
2026-08-09 08:30:22 Latest version is 1.13.4
2026-08-09 08:30:22 App is up to date.
2026-08-09 09:30:22 Checking for update using Github
2026-08-09 09:30:22 Success.
2026-08-09 09:30:22 Latest version is 1.13.4
2026-08-09 09:30:22 App is up to date.
2026-08-09 10:30:22 Checking for update using Github
2026-08-09 10:30:33 Success.
2026-08-09 10:30:33 Latest version is 1.13.4
2026-08-09 10:30:33 App is up to date.
2026-08-09 11:30:22 Checking for update using Github
2026-08-09 11:32:36 Success.
2026-08-09 11:32:36 Latest version is 1.13.4
2026-08-09 11:32:36 App is up to date.
2026-08-09 12:30:22 Checking for update using Github
2026-08-09 12:30:22 Success.
2026-08-09 12:30:22 Latest version is 1.13.4
2026-08-09 12:30:22 App is up to date.
2026-08-09 13:30:22 Checking for update using Github
2026-08-09 13:30:23 Success.
2026-08-09 13:30:23 Latest version is 1.13.4
2026-08-09 13:30:23 App is up to date.
2026-08-10 05:34:26 Loaded updated app /home/nightmare/.config/obsidian/obsidian-1.13.4.asar
2026-08-10 05:34:28 Checking for update using Github
2026-08-10 05:34:29 Success.
2026-08-10 05:34:29 Latest version is 1.13.4
2026-08-10 05:34:29 App is up to date.
2026-08-10 06:34:26 Checking for update using Github
2026-08-10 06:34:26 Success.
2026-08-10 06:34:26 Latest version is 1.13.4
2026-08-10 06:34:26 App is up to date.
2026-08-10 06:43:41 Loaded updated app /home/nightmare/.config/obsidian/obsidian-1.13.4.asar
2026-08-10 06:43:42 Checking for update using Github
2026-08-10 06:43:43 Success.
2026-08-10 06:43:43 Latest version is 1.13.4
2026-08-10 06:43:43 App is up to date.
2026-08-10 07:43:41 Checking for update using Github
2026-08-10 07:43:41 Success.
2026-08-10 07:43:41 Latest version is 1.13.4
2026-08-10 07:43:41 App is up to date.
2026-08-10 08:43:41 Checking for update using Github
2026-08-10 08:43:41 Success.
2026-08-10 08:43:41 Latest version is 1.13.4
2026-08-10 08:43:41 App is up to date.
2026-08-10 09:43:41 Checking for update using Github
2026-08-10 09:43:42 Success.
2026-08-10 09:43:42 Latest version is 1.13.4
2026-08-10 09:43:42 App is up to date.
2026-08-10 10:43:41 Checking for update using Github
2026-08-10 10:43:42 Success.
2026-08-10 10:43:42 Latest version is 1.13.4
2026-08-10 10:43:42 App is up to date.
2026-08-10 11:43:42 Checking for update using Github
2026-08-10 11:43:42 Success.
2026-08-10 11:43:42 Latest version is 1.13.4
2026-08-10 11:43:42 App is up to date.
2026-08-10 12:43:42 Checking for update using Github
2026-08-10 12:43:42 Success.
2026-08-10 12:43:42 Latest version is 1.13.4
2026-08-10 12:43:42 App is up to date.
2026-08-10 13:43:42 Checking for update using Github
2026-08-10 13:43:42 Success.
2026-08-10 13:43:42 Latest version is 1.13.4
2026-08-10 13:43:42 App is up to date.
2026-08-10 22:46:01 Loaded updated app /home/nightmare/.config/obsidian/obsidian-1.13.4.asar
2026-08-10 22:46:04 Checking for update using Github
2026-08-10 22:46:05 Success.
2026-08-10 22:46:05 Latest version is 1.13.6
2026-08-10 22:46:05 Downloading update from https://github.com/obsidianmd/obsidian-releases/releases/download/v1.13.6/obsidian-1.13.6.asar.gz
2026-08-10 22:46:07 Verifying hash & signature. Size= 8772809
2026-08-10 22:46:07 Saving file
2026-08-10 22:46:09 Update complete.
2026-08-10 23:46:01 Checking for update using Github
2026-08-10 23:46:01 Success.
2026-08-10 23:46:01 Latest version is 1.13.6
2026-08-10 23:46:01 An update is already downloaded.
2026-08-11 00:46:01 Checking for update using Github
2026-08-11 00:46:01 Success.
2026-08-11 00:46:01 Latest version is 1.13.6
2026-08-11 00:46:01 An update is already downloaded.
2026-08-11 01:46:01 Checking for update using Github
2026-08-11 01:46:01 Success.
2026-08-11 01:46:01 Latest version is 1.13.6
2026-08-11 01:46:01 An update is already downloaded.
2026-08-11 02:46:01 Checking for update using Github
2026-08-11 02:46:01 Success.
2026-08-11 02:46:01 Latest version is 1.13.6
2026-08-11 02:46:01 An update is already downloaded.
2026-08-11 03:46:01 Checking for update using Github
2026-08-11 03:46:01 Success.
2026-08-11 03:46:01 Latest version is 1.13.6
2026-08-11 03:46:01 An update is already downloaded.
2026-08-11 04:46:01 Checking for update using Github
2026-08-11 04:46:01 Success.
2026-08-11 04:46:01 Latest version is 1.13.6
2026-08-11 04:46:01 An update is already downloaded.
2026-08-11 05:46:02 Checking for update using Github
2026-08-11 05:46:02 Success.
2026-08-11 05:46:02 Latest version is 1.13.6
2026-08-11 05:46:02 An update is already downloaded.
2026-08-11 06:46:02 Checking for update using Github
2026-08-11 06:46:02 Success.
2026-08-11 06:46:02 Latest version is 1.13.6
2026-08-11 06:46:02 An update is already downloaded.
2026-08-11 07:46:02 Checking for update using Github
2026-08-11 07:46:02 Success.
2026-08-11 07:46:02 Latest version is 1.13.6
2026-08-11 07:46:02 An update is already downloaded.
2026-08-11 08:27:44 Loaded updated app /home/nightmare/.config/obsidian/obsidian-1.13.6.asar
2026-08-11 08:27:46 Checking for update using Github
2026-08-11 08:27:47 Success.
2026-08-11 08:27:47 Latest version is 1.13.6
2026-08-11 08:27:47 App is up to date.
2026-08-11 09:27:44 Checking for update using Github
2026-08-11 09:27:44 Success.
2026-08-11 09:27:44 Latest version is 1.13.6
2026-08-11 09:27:44 App is up to date.
2026-08-11 10:27:44 Checking for update using Github
2026-08-11 10:27:44 Success.
2026-08-11 10:27:44 Latest version is 1.13.6
2026-08-11 10:27:44 App is up to date.
2026-08-11 11:27:44 Checking for update using Github
2026-08-11 11:27:45 Success.
2026-08-11 11:27:45 Latest version is 1.13.6
2026-08-11 11:27:45 App is up to date.
2026-08-11 12:27:45 Checking for update using Github
2026-08-11 12:27:45 Success.
2026-08-11 12:27:45 Latest version is 1.13.6
2026-08-11 12:27:45 App is up to date.
2026-08-11 13:27:45 Checking for update using Github
2026-08-11 13:27:45 Success.
2026-08-11 13:27:45 Latest version is 1.13.6
2026-08-11 13:27:45 App is up to date.
2026-08-11 14:27:45 Checking for update using Github
2026-08-11 14:27:45 Success.
2026-08-11 14:27:45 Latest version is 1.13.6
2026-08-11 14:27:45 App is up to date.
2026-08-12 09:51:56 Loaded updated app /home/nightmare/.config/obsidian/obsidian-1.13.6.asar
2026-08-12 09:51:57 Checking for update using Github
2026-08-12 09:51:58 Success.
2026-08-12 09:51:58 Latest version is 1.13.6
2026-08-12 09:51:58 App is up to date.
2026-08-12 10:51:56 Checking for update using Github
2026-08-12 10:51:56 Success.
2026-08-12 10:51:56 Latest version is 1.13.6
2026-08-12 10:51:56 App is up to date.
2026-08-12 13:22:42 Loaded updated app /home/nightmare/.config/obsidian/obsidian-1.13.6.asar
2026-08-12 13:22:44 Checking for update using Github
2026-08-12 13:22:45 Success.
2026-08-12 13:22:45 Latest version is 1.13.6
2026-08-12 13:22:45 App is up to date.
2026-08-13 11:59:24 Loaded updated app /home/nightmare/.config/obsidian/obsidian-1.13.6.asar
2026-08-13 11:59:25 Checking for update using Github
2026-08-13 11:59:26 Success.
2026-08-13 11:59:26 Latest version is 1.13.7
2026-08-13 11:59:26 Downloading update from https://github.com/obsidianmd/obsidian-releases/releases/download/v1.13.7/obsidian-1.13.7.asar.gz
2026-08-13 11:59:52 Verifying hash & signature. Size= 8773048
2026-08-13 11:59:52 Saving file
2026-08-13 11:59:52 Update complete.
2026-08-13 12:59:24 Checking for update using Github
2026-08-13 12:59:25 Success.
2026-08-13 12:59:25 Latest version is 1.13.7
2026-08-13 12:59:25 An update is already downloaded.
2026-08-13 23:23:30 Loaded updated app /home/nightmare/.config/obsidian/obsidian-1.13.7.asar
2026-08-13 23:23:33 Checking for update using Github
2026-08-13 23:23:36 Success.
2026-08-13 23:23:36 Latest version is 1.13.7
2026-08-13 23:23:36 App is up to date.
2026-08-13 23:36:14 Loaded updated app /home/nightmare/.config/obsidian/obsidian-1.13.7.asar
2026-08-13 23:36:15 Checking for update using Github
2026-08-13 23:36:17 Success.
2026-08-13 23:36:17 Latest version is 1.13.7
2026-08-13 23:36:17 App is up to date.
2026-08-13 23:36:21 Loaded updated app /home/nightmare/.config/obsidian/obsidian-1.13.7.asar
2026-08-14 00:36:14 Checking for update using Github
2026-08-14 00:36:14 Success.
2026-08-14 00:36:14 Latest version is 1.13.7
2026-08-14 00:36:14 App is up to date.
2026-08-14 01:36:14 Checking for update using Github
2026-08-14 01:36:14 Success.
2026-08-14 01:36:14 Latest version is 1.13.7
2026-08-14 01:36:14 App is up to date.
2026-08-14 02:36:14 Checking for update using Github
2026-08-14 02:36:14 Success.
2026-08-14 02:36:14 Latest version is 1.13.7
2026-08-14 02:36:14 App is up to date.
2026-08-14 03:36:14 Checking for update using Github
2026-08-14 03:36:14 Success.
2026-08-14 03:36:15 Latest version is 1.13.7
2026-08-14 03:36:15 App is up to date.
2026-08-14 04:36:15 Checking for update using Github
2026-08-14 04:36:15 Success.
2026-08-14 04:36:15 Latest version is 1.13.7
2026-08-14 04:36:15 App is up to date.
2026-08-14 05:36:15 Checking for update using Github
2026-08-14 05:36:15 Success.
2026-08-14 05:36:15 Latest version is 1.13.7
2026-08-14 05:36:15 App is up to date.
2026-08-14 06:36:15 Checking for update using Github
2026-08-14 06:36:15 Success.
2026-08-14 06:36:15 Latest version is 1.13.7
2026-08-14 06:36:15 App is up to date.
2026-08-14 07:36:15 Checking for update using Github
2026-08-14 07:36:15 Success.
2026-08-14 07:36:15 Latest version is 1.13.7
2026-08-14 07:36:15 App is up to date.
2026-08-14 08:36:15 Checking for update using Github
2026-08-14 08:36:15 Success.
2026-08-14 08:36:15 Latest version is 1.13.7
2026-08-14 08:36:15 App is up to date.
2026-08-14 09:36:15 Checking for update using Github
2026-08-14 09:36:15 Success.
2026-08-14 09:36:15 Latest version is 1.13.7
2026-08-14 09:36:15 App is up to date.
2026-08-14 09:49:41 Loaded updated app /home/nightmare/.config/obsidian/obsidian-1.13.7.asar
2026-08-14 10:36:15 Checking for update using Github
2026-08-14 10:36:15 Success.
2026-08-14 10:36:15 Latest version is 1.13.7
2026-08-14 10:36:15 App is up to date.
2026-08-14 11:36:15 Checking for update using Github
2026-08-14 11:36:15 Success.
2026-08-14 11:36:15 Latest version is 1.13.7
2026-08-14 11:36:15 App is up to date.
2026-08-14 12:36:15 Checking for update using Github
2026-08-14 12:36:15 Success.
2026-08-14 12:36:15 Latest version is 1.13.7
2026-08-14 12:36:15 App is up to date.
2026-08-14 13:36:15 Checking for update using Github
2026-08-14 13:36:15 Success.
2026-08-14 13:36:15 Latest version is 1.13.7
2026-08-14 13:36:15 App is up to date.
2026-08-14 23:50:35 Loaded updated app /home/nightmare/.config/obsidian/obsidian-1.13.7.asar
2026-08-14 23:50:36 Checking for update using Github
2026-08-14 23:50:37 Success.
2026-08-14 23:50:37 Latest version is 1.13.7
2026-08-14 23:50:37 App is up to date.
2026-08-15 00:50:35 Checking for update using Github
2026-08-15 00:50:36 Success.
2026-08-15 00:50:36 Latest version is 1.13.7
2026-08-15 00:50:36 App is up to date.
2026-08-15 01:50:36 Checking for update using Github
2026-08-15 01:50:36 Success.
2026-08-15 01:50:36 Latest version is 1.13.7
2026-08-15 01:50:36 App is up to date.
2026-08-15 02:50:36 Checking for update using Github
2026-08-15 02:50:36 Success.
2026-08-15 02:50:36 Latest version is 1.13.7
2026-08-15 02:50:36 App is up to date.
2026-08-15 03:50:36 Checking for update using Github
2026-08-15 03:50:36 Success.
2026-08-15 03:50:36 Latest version is 1.13.7
2026-08-15 03:50:36 App is up to date.
2026-08-15 04:50:36 Checking for update using Github
2026-08-15 04:50:36 Success.
2026-08-15 04:50:36 Latest version is 1.13.7
2026-08-15 04:50:36 App is up to date.
2026-08-15 05:50:36 Checking for update using Github
2026-08-15 05:50:36 Success.
2026-08-15 05:50:36 Latest version is 1.13.7
2026-08-15 05:50:36 App is up to date.
2026-08-15 06:50:36 Checking for update using Github
2026-08-15 06:50:36 Success.
2026-08-15 06:50:36 Latest version is 1.13.7
2026-08-15 06:50:36 App is up to date.
2026-08-15 07:50:36 Checking for update using Github
2026-08-15 07:50:36 Success.
2026-08-15 07:50:36 Latest version is 1.13.7
2026-08-15 07:50:36 App is up to date.
2026-08-15 08:50:36 Checking for update using Github
2026-08-15 08:50:36 Success.
2026-08-15 08:50:36 Latest version is 1.13.7
2026-08-15 08:50:36 App is up to date.
2026-08-15 09:50:36 Checking for update using Github
2026-08-15 09:50:36 Success.
2026-08-15 09:50:36 Latest version is 1.13.7
2026-08-15 09:50:36 App is up to date.
2026-08-15 10:50:36 Checking for update using Github
2026-08-15 10:50:37 Success.
2026-08-15 10:50:37 Latest version is 1.13.7
2026-08-15 10:50:37 App is up to date.
2026-08-15 11:50:36 Checking for update using Github
2026-08-15 11:50:37 Success.
2026-08-15 11:50:37 Latest version is 1.13.7
2026-08-15 11:50:37 App is up to date.
2026-08-15 13:11:47 Loaded updated app /home/nightmare/.config/obsidian/obsidian-1.13.7.asar
2026-08-15 13:11:48 Checking for update using Github
2026-08-15 13:11:49 Success.
2026-08-15 13:11:49 Latest version is 1.13.7
2026-08-15 13:11:49 App is up to date.
2026-08-15 23:50:34 Loaded updated app /home/nightmare/.config/obsidian/obsidian-1.13.7.asar
2026-08-15 23:50:35 Checking for update using Github
2026-08-15 23:50:36 Success.
2026-08-15 23:50:36 Latest version is 1.13.7
2026-08-15 23:50:36 App is up to date.
2026-08-16 00:50:34 Checking for update using Github
2026-08-16 00:50:35 Success.
2026-08-16 00:50:35 Latest version is 1.13.7
2026-08-16 00:50:35 App is up to date.
2026-08-16 01:50:35 Checking for update using Github
2026-08-16 01:50:35 Success.
2026-08-16 01:50:35 Latest version is 1.13.7
2026-08-16 01:50:35 App is up to date.
2026-08-16 02:50:35 Checking for update using Github
2026-08-16 02:50:35 Success.
2026-08-16 02:50:35 Latest version is 1.13.7
2026-08-16 02:50:35 App is up to date.
2026-08-16 03:50:35 Checking for update using Github
2026-08-16 03:50:35 Success.
2026-08-16 03:50:35 Latest version is 1.13.7
2026-08-16 03:50:35 App is up to date.
2026-08-16 04:50:35 Checking for update using Github
2026-08-16 04:50:35 Success.
2026-08-16 04:50:35 Latest version is 1.13.7
2026-08-16 04:50:35 App is up to date.
2026-08-16 05:50:35 Checking for update using Github
2026-08-16 05:50:35 Success.
2026-08-16 05:50:35 Latest version is 1.13.7
2026-08-16 05:50:35 App is up to date.
2026-08-16 06:50:35 Checking for update using Github
2026-08-16 06:50:35 Success.
2026-08-16 06:50:35 Latest version is 1.13.7
2026-08-16 06:50:35 App is up to date.
2026-08-16 07:50:35 Checking for update using Github
2026-08-16 07:50:35 Success.
2026-08-16 07:50:35 Latest version is 1.13.7
2026-08-16 07:50:35 App is up to date.
2026-08-16 08:50:35 Checking for update using Github
2026-08-16 08:50:35 Success.
2026-08-16 08:50:35 Latest version is 1.13.7
2026-08-16 08:50:35 App is up to date.
2026-08-16 09:50:35 Checking for update using Github
2026-08-16 09:50:35 Success.
2026-08-16 09:50:35 Latest version is 1.13.7
2026-08-16 09:50:35 App is up to date.
2026-08-16 10:50:35 Checking for update using Github
2026-08-16 10:50:35 Success.
2026-08-16 10:50:35 Latest version is 1.13.7
2026-08-16 10:50:35 App is up to date.
2026-08-16 11:50:35 Checking for update using Github
2026-08-16 11:50:36 Success.
2026-08-16 11:50:36 Latest version is 1.13.7
2026-08-16 11:50:36 App is up to date.
2026-08-16 12:50:36 Checking for update using Github
2026-08-16 12:50:36 Success.
2026-08-16 12:50:36 Latest version is 1.13.7
2026-08-16 12:50:36 App is up to date.
2026-08-16 20:05:35 Loaded updated app /home/nightmare/.config/obsidian/obsidian-1.13.7.asar
2026-08-16 20:05:37 Checking for update using Github
2026-08-16 20:05:38 Success.
2026-08-16 20:05:38 Latest version is 1.13.7
2026-08-16 20:05:38 App is up to date.
2026-08-16 21:05:34 Checking for update using Github
2026-08-16 21:05:35 Success.
2026-08-16 21:05:35 Latest version is 1.13.7
2026-08-16 21:05:35 App is up to date.
2026-08-16 22:05:34 Checking for update using Github
2026-08-16 22:05:34 Success.
2026-08-16 22:05:34 Latest version is 1.13.7
2026-08-16 22:05:34 App is up to date.
2026-08-17 10:58:41 Loaded updated app /home/nightmare/.config/obsidian/obsidian-1.13.7.asar
2026-08-17 10:58:42 Checking for update using Github
2026-08-17 10:58:44 Success.
2026-08-17 10:58:44 Latest version is 1.13.7
2026-08-17 10:58:44 App is up to date.
2026-08-17 11:58:41 Checking for update using Github
2026-08-17 11:58:41 Success.
2026-08-17 11:58:41 Latest version is 1.13.7
2026-08-17 11:58:41 App is up to date.
2026-08-19 00:52:56 Loaded updated app /home/nightmare/.config/obsidian/obsidian-1.13.7.asar
2026-08-19 00:52:57 Checking for update using Github
2026-08-19 00:52:58 Success.
2026-08-19 00:52:58 Latest version is 1.13.7
2026-08-19 00:52:58 App is up to date.
2026-08-19 01:52:56 Checking for update using Github
2026-08-19 01:52:56 Success.
2026-08-19 01:52:56 Latest version is 1.13.7
2026-08-19 01:52:56 App is up to date.
2026-08-19 02:52:56 Checking for update using Github
2026-08-19 02:52:56 Success.
2026-08-19 02:52:56 Latest version is 1.13.7
2026-08-19 02:52:56 App is up to date.
2026-08-19 03:52:56 Checking for update using Github
2026-08-19 03:52:56 Success.
2026-08-19 03:52:56 Latest version is 1.13.7
2026-08-19 03:52:56 App is up to date.
2026-08-19 04:52:56 Checking for update using Github
2026-08-19 04:52:57 Success.
2026-08-19 04:52:57 Latest version is 1.13.7
2026-08-19 04:52:57 App is up to date.
2026-08-19 05:52:56 Checking for update using Github
2026-08-19 05:52:56 Success.
2026-08-19 05:52:56 Latest version is 1.13.7
2026-08-19 05:52:56 App is up to date.
2026-08-19 06:52:56 Checking for update using Github
2026-08-19 06:56:32 Failed to check for update using Github (net::ERR_NAME_NOT_RESOLVED)
2026-08-19 06:56:32 Checking for update using obsidian.md
2026-08-19 06:58:36 Failed to check for update using obsidian.md (net::ERR_NAME_NOT_RESOLVED)
2026-08-19 07:52:57 Checking for update using Github
2026-08-19 07:52:57 Success.
2026-08-19 07:52:57 Latest version is 1.13.7
2026-08-19 07:52:57 App is up to date.
2026-08-19 08:52:57 Checking for update using Github
2026-08-19 08:52:57 Success.
2026-08-19 08:52:57 Latest version is 1.13.7
2026-08-19 08:52:57 App is up to date.
2026-08-19 09:52:57 Checking for update using Github
2026-08-19 09:52:57 Success.
2026-08-19 09:52:57 Latest version is 1.13.7
2026-08-19 09:52:57 App is up to date.
2026-08-19 10:52:57 Checking for update using Github
2026-08-19 10:52:57 Success.
2026-08-19 10:52:57 Latest version is 1.13.7
2026-08-19 10:52:57 App is up to date.
2026-08-19 11:52:57 Checking for update using Github
2026-08-19 11:52:57 Success.
2026-08-19 11:52:57 Latest version is 1.13.7
2026-08-19 11:52:57 App is up to date.
2026-08-19 12:52:57 Checking for update using Github
2026-08-19 12:52:57 Success.
2026-08-19 12:52:57 Latest version is 1.13.7
2026-08-19 12:52:57 App is up to date.
2026-08-19 13:52:57 Checking for update using Github
2026-08-19 13:52:57 Success.
2026-08-19 13:52:57 Latest version is 1.13.7
2026-08-19 13:52:57 App is up to date.
2026-08-19 14:52:57 Checking for update using Github
2026-08-19 14:52:57 Success.
2026-08-19 14:52:57 Latest version is 1.13.7
2026-08-19 14:52:57 App is up to date.
2026-08-19 15:52:57 Checking for update using Github
2026-08-19 15:52:57 Success.
2026-08-19 15:52:57 Latest version is 1.13.7
2026-08-19 15:52:57 App is up to date.
2026-08-19 16:52:57 Checking for update using Github
2026-08-19 16:52:57 Success.
2026-08-19 16:52:57 Latest version is 1.13.7
2026-08-19 16:52:57 App is up to date.
2026-08-19 17:52:57 Checking for update using Github
2026-08-19 17:52:57 Success.
2026-08-19 17:52:57 Latest version is 1.13.7
2026-08-19 17:52:57 App is up to date.
2026-08-19 18:52:57 Checking for update using Github
2026-08-19 18:52:57 Success.
2026-08-19 18:52:57 Latest version is 1.13.7
2026-08-19 18:52:57 App is up to date.
2026-08-20 00:46:38 Loaded updated app /home/nightmare/.config/obsidian/obsidian-1.13.7.asar
2026-08-20 00:46:39 Checking for update using Github
2026-08-20 00:46:39 Success.
2026-08-20 00:46:39 Latest version is 1.13.7
2026-08-20 00:46:39 App is up to date.
2026-08-20 01:46:38 Checking for update using Github
2026-08-20 01:46:38 Success.
2026-08-20 01:46:38 Latest version is 1.13.7
2026-08-20 01:46:38 App is up to date.
2026-08-20 02:46:38 Checking for update using Github
2026-08-20 02:46:38 Success.
2026-08-20 02:46:38 Latest version is 1.13.7
2026-08-20 02:46:38 App is up to date.
2026-08-20 03:46:38 Checking for update using Github
2026-08-20 03:46:38 Success.
2026-08-20 03:46:38 Latest version is 1.13.7
2026-08-20 03:46:38 App is up to date.
2026-08-20 04:46:38 Checking for update using Github
2026-08-20 04:46:38 Success.
2026-08-20 04:46:38 Latest version is 1.13.7
2026-08-20 04:46:38 App is up to date.
2026-08-20 05:46:38 Checking for update using Github
2026-08-20 05:46:38 Success.
2026-08-20 05:46:38 Latest version is 1.13.7
2026-08-20 05:46:38 App is up to date.
2026-08-20 06:46:38 Checking for update using Github
2026-08-20 06:46:38 Success.
2026-08-20 06:46:38 Latest version is 1.13.7
2026-08-20 06:46:38 App is up to date.
2026-08-20 07:46:38 Checking for update using Github
2026-08-20 07:46:38 Success.
2026-08-20 07:46:38 Latest version is 1.13.7
2026-08-20 07:46:38 App is up to date.
2026-08-20 07:47:30 Loaded updated app /home/nightmare/.config/obsidian/obsidian-1.13.7.asar
2026-08-20 08:46:38 Checking for update using Github
2026-08-20 08:46:38 Success.
2026-08-20 08:46:38 Latest version is 1.13.7
2026-08-20 08:46:38 App is up to date.
2026-08-20 09:46:39 Checking for update using Github
2026-08-20 09:46:39 Success.
2026-08-20 09:46:39 Latest version is 1.13.7
2026-08-20 09:46:39 App is up to date.
2026-08-20 10:46:39 Checking for update using Github
2026-08-20 10:46:39 Success.
2026-08-20 10:46:39 Latest version is 1.13.7
2026-08-20 10:46:39 App is up to date.
2026-08-20 11:46:39 Checking for update using Github
2026-08-20 11:46:39 Success.
2026-08-20 11:46:39 Latest version is 1.13.7
2026-08-20 11:46:39 App is up to date.
2026-08-20 12:46:39 Checking for update using Github
2026-08-20 12:46:39 Success.
2026-08-20 12:46:39 Latest version is 1.13.7
2026-08-20 12:46:39 App is up to date.
2026-08-20 13:46:39 Checking for update using Github
2026-08-20 13:46:39 Success.
2026-08-20 13:46:39 Latest version is 1.13.7
2026-08-20 13:46:39 App is up to date.
2026-08-20 14:46:39 Checking for update using Github
2026-08-20 14:46:39 Success.
2026-08-20 14:46:39 Latest version is 1.13.7
2026-08-20 14:46:39 App is up to date.
2026-08-20 15:46:39 Checking for update using Github
2026-08-20 15:46:39 Success.
2026-08-20 15:46:39 Latest version is 1.13.7
2026-08-20 15:46:39 App is up to date.
2026-08-20 16:46:39 Checking for update using Github
2026-08-20 16:46:39 Success.
2026-08-20 16:46:39 Latest version is 1.13.7
2026-08-20 16:46:39 App is up to date.
2026-08-21 02:03:16 Loaded updated app /home/nightmare/.config/obsidian/obsidian-1.13.7.asar
2026-08-21 02:03:16 Checking for update using Github
2026-08-21 02:03:17 Success.
2026-08-21 02:03:17 Latest version is 1.13.7
2026-08-21 02:03:17 App is up to date.
2026-08-21 03:03:16 Checking for update using Github
2026-08-21 03:03:16 Success.
2026-08-21 03:03:16 Latest version is 1.13.7
2026-08-21 03:03:16 App is up to date.
2026-08-21 04:03:16 Checking for update using Github
2026-08-21 04:03:16 Success.
2026-08-21 04:03:16 Latest version is 1.13.7
2026-08-21 04:03:16 App is up to date.
2026-08-21 04:53:40 Loaded updated app /home/nightmare/.config/obsidian/obsidian-1.13.7.asar
2026-08-21 04:53:41 Checking for update using Github
2026-08-21 04:53:42 Success.
2026-08-21 04:53:42 Latest version is 1.13.7
2026-08-21 04:53:42 App is up to date.
2026-08-21 05:53:40 Checking for update using Github
2026-08-21 05:53:40 Success.
2026-08-21 05:53:40 Latest version is 1.13.7
2026-08-21 05:53:40 App is up to date.
2026-08-21 06:53:40 Checking for update using Github
2026-08-21 06:53:40 Success.
2026-08-21 06:53:40 Latest version is 1.13.7
2026-08-21 06:53:40 App is up to date.
2026-08-21 07:53:40 Checking for update using Github
2026-08-21 07:53:40 Success.
2026-08-21 07:53:40 Latest version is 1.13.7
2026-08-21 07:53:40 App is up to date.
2026-08-21 08:53:40 Checking for update using Github
2026-08-21 08:53:41 Success.
2026-08-21 08:53:41 Latest version is 1.13.7
2026-08-21 08:53:41 App is up to date.
2026-08-21 09:53:41 Checking for update using Github
2026-08-21 09:53:41 Success.
2026-08-21 09:53:41 Latest version is 1.13.7
2026-08-21 09:53:41 App is up to date.
2026-08-21 10:53:41 Checking for update using Github
2026-08-21 10:53:41 Success.
2026-08-21 10:53:41 Latest version is 1.13.7
2026-08-21 10:53:41 App is up to date.
2026-08-21 11:53:41 Checking for update using Github
2026-08-21 11:53:41 Success.
2026-08-21 11:53:41 Latest version is 1.13.7
2026-08-21 11:53:41 App is up to date.
2026-08-21 12:53:41 Checking for update using Github
2026-08-21 12:53:41 Success.
2026-08-21 12:53:41 Latest version is 1.13.7
2026-08-21 12:53:41 App is up to date.
2026-08-21 13:53:41 Checking for update using Github
2026-08-21 13:53:41 Success.
2026-08-21 13:53:41 Latest version is 1.13.7
2026-08-21 13:53:41 App is up to date.
2026-08-21 14:53:41 Checking for update using Github
2026-08-21 14:53:41 Success.
2026-08-21 14:53:41 Latest version is 1.13.7
2026-08-21 14:53:41 App is up to date.
2026-08-22 00:40:23 Loaded updated app /home/nightmare/.config/obsidian/obsidian-1.13.7.asar
2026-08-22 00:40:24 Checking for update using Github
2026-08-22 00:40:25 Success.
2026-08-22 00:40:25 Latest version is 1.13.7
2026-08-22 00:40:25 App is up to date.
2026-08-22 01:40:23 Checking for update using Github
2026-08-22 01:40:23 Success.
2026-08-22 01:40:23 Latest version is 1.13.7
2026-08-22 01:40:23 App is up to date.
2026-08-22 12:14:55 Loaded updated app /home/nightmare/.config/obsidian/obsidian-1.13.7.asar
2026-08-22 12:14:56 Checking for update using Github
2026-08-22 12:14:57 Success.
2026-08-22 12:14:57 Latest version is 1.13.7
2026-08-22 12:14:57 App is up to date.
2026-08-22 13:02:46 Loaded updated app /home/nightmare/.config/obsidian/obsidian-1.13.7.asar
2026-08-22 13:02:47 Checking for update using Github
2026-08-22 13:02:48 Failed to check for update using Github (net::ERR_NAME_NOT_RESOLVED)
2026-08-22 13:02:48 Checking for update using obsidian.md
2026-08-22 13:02:48 Failed to check for update using obsidian.md (net::ERR_NAME_NOT_RESOLVED)
2026-08-22 23:03:53 Loaded updated app /home/nightmare/.config/obsidian/obsidian-1.13.7.asar
2026-08-22 23:03:54 Checking for update using Github
2026-08-22 23:03:55 Success.
2026-08-22 23:03:55 Latest version is 1.13.7
2026-08-22 23:03:55 App is up to date.
2026-08-22 23:05:05 Loaded updated app /home/nightmare/.config/obsidian/obsidian-1.13.7.asar
2026-08-23 00:03:53 Checking for update using Github
2026-08-23 00:03:53 Success.
2026-08-23 00:03:53 Latest version is 1.13.7
2026-08-23 00:03:53 App is up to date.
2026-08-23 01:03:53 Checking for update using Github
2026-08-23 01:03:53 Success.
2026-08-23 01:03:53 Latest version is 1.13.7
2026-08-23 01:03:53 App is up to date.
2026-08-23 02:03:53 Checking for update using Github
2026-08-23 02:03:53 Success.
2026-08-23 02:03:53 Latest version is 1.13.7
2026-08-23 02:03:53 App is up to date.
2026-08-23 03:03:53 Checking for update using Github
2026-08-23 03:03:53 Success.
2026-08-23 03:03:53 Latest version is 1.13.7
2026-08-23 03:03:53 App is up to date.
2026-08-23 04:03:53 Checking for update using Github
2026-08-23 04:03:53 Success.
2026-08-23 04:03:53 Latest version is 1.13.7
2026-08-23 04:03:53 App is up to date.
2026-08-23 05:03:53 Checking for update using Github
2026-08-23 05:03:53 Success.
2026-08-23 05:03:53 Latest version is 1.13.7
2026-08-23 05:03:53 App is up to date.
2026-08-23 06:03:53 Checking for update using Github
2026-08-23 06:03:53 Success.
2026-08-23 06:03:53 Latest version is 1.13.7
2026-08-23 06:03:53 App is up to date.
2026-08-23 07:03:53 Checking for update using Github
2026-08-23 07:03:53 Success.
2026-08-23 07:03:53 Latest version is 1.13.7
2026-08-23 07:03:53 App is up to date.
2026-08-23 08:03:54 Checking for update using Github
2026-08-23 08:03:54 Success.
2026-08-23 08:03:54 Latest version is 1.13.7
2026-08-23 08:03:54 App is up to date.
2026-08-23 09:03:54 Checking for update using Github
2026-08-23 09:03:54 Success.
2026-08-23 09:03:54 Latest version is 1.13.7
2026-08-23 09:03:54 App is up to date.
2026-08-23 10:03:54 Checking for update using Github
2026-08-23 10:03:54 Success.
2026-08-23 10:03:54 Latest version is 1.13.7
2026-08-23 10:03:54 App is up to date.
2026-08-23 11:03:54 Checking for update using Github
2026-08-23 11:03:54 Success.
2026-08-23 11:03:54 Latest version is 1.13.7
2026-08-23 11:03:54 App is up to date.
2026-08-23 12:03:54 Checking for update using Github
2026-08-23 12:03:54 Success.
2026-08-23 12:03:54 Latest version is 1.13.7
2026-08-23 12:03:54 App is up to date.
2026-08-23 20:34:46 Loaded updated app /home/nightmare/.config/obsidian/obsidian-1.13.7.asar
2026-08-23 20:34:47 Checking for update using Github
2026-08-23 20:34:47 Success.
2026-08-23 20:34:47 Latest version is 1.13.7
2026-08-23 20:34:47 App is up to date.
2026-08-23 21:34:46 Checking for update using Github
2026-08-23 21:34:46 Success.
2026-08-23 21:34:46 Latest version is 1.13.7
2026-08-23 21:34:46 App is up to date.
2026-08-23 22:34:46 Checking for update using Github
2026-08-23 22:34:46 Success.
2026-08-23 22:34:46 Latest version is 1.13.7
2026-08-23 22:34:46 App is up to date.
2026-08-24 09:10:09 Loaded updated app /home/nightmare/.config/obsidian/obsidian-1.13.7.asar
2026-08-24 09:10:10 Checking for update using Github
2026-08-24 09:10:11 Success.
2026-08-24 09:10:11 Latest version is 1.13.7
2026-08-24 09:10:11 App is up to date.
2026-08-24 10:10:08 Checking for update using Github
2026-08-24 10:10:08 Success.
2026-08-24 10:10:08 Latest version is 1.13.7
2026-08-24 10:10:08 App is up to date.
2026-08-24 11:10:08 Checking for update using Github
2026-08-24 11:10:09 Success.
2026-08-24 11:10:09 Latest version is 1.13.7
2026-08-24 11:10:09 App is up to date.
2026-08-24 12:10:08 Checking for update using Github
2026-08-24 12:10:09 Success.
2026-08-24 12:10:09 Latest version is 1.13.7
2026-08-24 12:10:09 App is up to date.
2026-08-25 10:01:21 Loaded updated app /home/nightmare/.config/obsidian/obsidian-1.13.7.asar
2026-08-25 10:01:22 Checking for update using Github
2026-08-25 10:01:22 Success.
2026-08-25 10:01:22 Latest version is 1.13.7
2026-08-25 10:01:22 App is up to date.
2026-08-25 11:01:21 Checking for update using Github
2026-08-25 11:01:21 Success.
2026-08-25 11:01:21 Latest version is 1.13.7
2026-08-25 11:01:21 App is up to date.
2026-08-25 12:01:21 Checking for update using Github
2026-08-25 12:01:21 Success.
2026-08-25 12:01:21 Latest version is 1.13.7
2026-08-25 12:01:21 App is up to date.
2026-08-25 13:01:21 Checking for update using Github
2026-08-25 13:01:21 Success.
2026-08-25 13:01:21 Latest version is 1.13.7
2026-08-25 13:01:21 App is up to date.
2026-08-26 08:59:05 Loaded updated app /home/nightmare/.config/obsidian/obsidian-1.13.7.asar
2026-08-26 08:59:05 Checking for update using Github
2026-08-26 08:59:06 Success.
2026-08-26 08:59:06 Latest version is 1.13.7
2026-08-26 08:59:06 App is up to date.
2026-08-26 09:00:21 Loaded updated app /home/nightmare/.config/obsidian/obsidian-1.13.7.asar
2026-08-26 09:59:05 Checking for update using Github
2026-08-26 09:59:05 Success.
2026-08-26 09:59:05 Latest version is 1.13.7
2026-08-26 09:59:05 App is up to date.
2026-08-26 10:59:05 Checking for update using Github
2026-08-26 10:59:05 Success.
2026-08-26 10:59:05 Latest version is 1.13.7
2026-08-26 10:59:05 App is up to date.
2026-08-26 11:59:05 Checking for update using Github
2026-08-26 11:59:05 Success.
2026-08-26 11:59:05 Latest version is 1.13.7
2026-08-26 11:59:05 App is up to date.
2026-08-26 12:59:05 Checking for update using Github
2026-08-26 12:59:05 Success.
2026-08-26 12:59:05 Latest version is 1.13.7
2026-08-26 12:59:05 App is up to date.
2026-08-26 13:59:05 Checking for update using Github
2026-08-26 13:59:05 Success.
2026-08-26 13:59:05 Latest version is 1.13.7
2026-08-26 13:59:05 App is up to date.
2026-08-26 20:10:51 Loaded updated app /home/nightmare/.config/obsidian/obsidian-1.13.7.asar
2026-08-26 20:10:53 Checking for update using Github
2026-08-26 20:10:54 Success.
2026-08-26 20:10:54 Latest version is 1.13.7
2026-08-26 20:10:54 App is up to date.
2026-08-26 21:10:50 Checking for update using Github
2026-08-26 21:10:50 Success.
2026-08-26 21:10:50 Latest version is 1.13.7
2026-08-26 21:10:50 App is up to date.
2026-08-26 22:10:50 Checking for update using Github
2026-08-26 22:10:50 Success.
2026-08-26 22:10:50 Latest version is 1.13.7
2026-08-26 22:10:50 App is up to date.
2026-08-27 08:54:45 Loaded updated app /home/nightmare/.config/obsidian/obsidian-1.13.7.asar
2026-08-27 08:54:49 Checking for update using Github
2026-08-27 08:54:50 Success.
2026-08-27 08:54:50 Latest version is 1.13.7
2026-08-27 08:54:50 App is up to date.
2026-08-27 09:54:44 Checking for update using Github
2026-08-27 09:54:44 Success.
2026-08-27 09:54:44 Latest version is 1.13.7
2026-08-27 09:54:44 App is up to date.
2026-08-27 10:54:44 Checking for update using Github
2026-08-27 10:54:44 Success.
2026-08-27 10:54:44 Latest version is 1.13.7
2026-08-27 10:54:44 App is up to date.
2026-08-27 11:54:44 Checking for update using Github
2026-08-27 11:54:44 Success.
2026-08-27 11:54:44 Latest version is 1.13.7
2026-08-27 11:54:44 App is up to date.
2026-08-27 12:54:44 Checking for update using Github
2026-08-27 12:54:44 Success.
2026-08-27 12:54:44 Latest version is 1.13.7
2026-08-27 12:54:44 App is up to date.
2026-08-28 02:14:47 Loaded updated app /home/nightmare/.config/obsidian/obsidian-1.13.7.asar
2026-08-28 02:14:48 Checking for update using Github
2026-08-28 02:14:49 Success.
2026-08-28 02:14:49 Latest version is 1.13.7
2026-08-28 02:14:49 App is up to date.
2026-08-28 02:15:40 Loaded updated app /home/nightmare/.config/obsidian/obsidian-1.13.7.asar
2026-08-28 03:14:47 Checking for update using Github
2026-08-28 03:14:47 Success.
2026-08-28 03:14:47 Latest version is 1.13.7
2026-08-28 03:14:47 App is up to date.
2026-08-28 04:14:47 Checking for update using Github
2026-08-28 04:14:47 Success.
2026-08-28 04:14:47 Latest version is 1.13.7
2026-08-28 04:14:47 App is up to date.
2026-08-28 05:14:47 Checking for update using Github
2026-08-28 05:14:47 Success.
2026-08-28 05:14:47 Latest version is 1.13.7
2026-08-28 05:14:47 App is up to date.
2026-08-28 06:14:47 Checking for update using Github
2026-08-28 06:14:47 Success.
2026-08-28 06:14:47 Latest version is 1.13.7
2026-08-28 06:14:47 App is up to date.
2026-08-28 07:14:47 Checking for update using Github
2026-08-28 07:14:47 Success.
2026-08-28 07:14:47 Latest version is 1.13.7
2026-08-28 07:14:47 App is up to date.
2026-08-28 08:14:47 Checking for update using Github
2026-08-28 08:14:48 Success.
2026-08-28 08:14:48 Latest version is 1.13.7
2026-08-28 08:14:48 App is up to date.
2026-08-28 09:14:48 Checking for update using Github
2026-08-28 09:14:48 Success.
2026-08-28 09:14:48 Latest version is 1.13.7
2026-08-28 09:14:48 App is up to date.
2026-08-28 10:14:48 Checking for update using Github
2026-08-28 10:14:48 Success.
2026-08-28 10:14:48 Latest version is 1.13.7
2026-08-28 10:14:48 App is up to date.
2026-08-28 11:14:48 Checking for update using Github
2026-08-28 11:14:48 Success.
2026-08-28 11:14:48 Latest version is 1.13.7
2026-08-28 11:14:48 App is up to date.
2026-08-28 12:14:48 Checking for update using Github
2026-08-28 12:14:48 Success.
2026-08-28 12:14:48 Latest version is 1.13.7
2026-08-28 12:14:48 App is up to date.
2026-08-28 13:17:44 Loaded updated app /home/nightmare/.config/obsidian/obsidian-1.13.7.asar
2026-08-28 13:17:45 Checking for update using Github
2026-08-28 13:17:46 Success.
2026-08-28 13:17:46 Latest version is 1.13.7
2026-08-28 13:17:46 App is up to date.
2026-08-30 00:23:21 Loaded updated app /home/nightmare/.config/obsidian/obsidian-1.13.7.asar
2026-08-30 00:23:21 Checking for update using Github
2026-08-30 00:23:22 Success.
2026-08-30 00:23:22 Latest version is 1.13.7
2026-08-30 00:23:22 App is up to date.
2026-08-30 01:23:21 Checking for update using Github
2026-08-30 01:23:21 Success.
2026-08-30 01:23:21 Latest version is 1.13.7
2026-08-30 01:23:21 App is up to date.
2026-08-30 02:23:21 Checking for update using Github
2026-08-30 02:23:21 Success.
2026-08-30 02:23:21 Latest version is 1.13.7
2026-08-30 02:23:21 App is up to date.
2026-08-30 03:23:21 Checking for update using Github
2026-08-30 03:23:21 Success.
2026-08-30 03:23:21 Latest version is 1.13.7
2026-08-30 03:23:21 App is up to date.
2026-08-30 04:23:21 Checking for update using Github
2026-08-30 04:23:21 Success.
2026-08-30 04:23:21 Latest version is 1.13.7
2026-08-30 04:23:21 App is up to date.
2026-08-31 13:15:57 Loaded updated app /home/nightmare/.config/obsidian/obsidian-1.13.7.asar
2026-08-31 13:15:58 Checking for update using Github
2026-08-31 13:15:58 Success.
2026-08-31 13:15:58 Latest version is 1.13.7
2026-08-31 13:15:58 App is up to date.
2026-08-31 19:25:54 Loaded updated app /home/nightmare/.config/obsidian/obsidian-1.13.7.asar
2026-08-31 19:25:55 Checking for update using Github
2026-08-31 19:25:55 Success.
2026-08-31 19:25:55 Latest version is 1.13.7
2026-08-31 19:25:55 App is up to date.
2026-08-31 20:25:54 Checking for update using Github
2026-08-31 20:25:54 Success.
2026-08-31 20:25:54 Latest version is 1.13.7
2026-08-31 20:25:54 App is up to date.
2026-08-31 21:25:54 Checking for update using Github
2026-08-31 21:25:54 Success.
2026-08-31 21:25:54 Latest version is 1.13.7
2026-08-31 21:25:54 App is up to date.
2026-08-31 22:25:54 Checking for update using Github
2026-08-31 22:25:55 Success.
2026-08-31 22:25:55 Latest version is 1.13.7
2026-08-31 22:25:55 App is up to date.
2026-09-01 16:38:19 Loaded updated app /home/nightmare/.config/obsidian/obsidian-1.13.7.asar
2026-09-01 16:38:20 Checking for update using Github
2026-09-01 16:38:20 Success.
2026-09-01 16:38:20 Latest version is 1.13.7
2026-09-01 16:38:20 App is up to date.
2026-09-02 06:00:10 Loaded updated app /home/nightmare/.config/obsidian/obsidian-1.13.7.asar
2026-09-02 06:00:10 Checking for update using Github
2026-09-02 06:00:11 Success.
2026-09-02 06:00:11 Latest version is 1.13.7
2026-09-02 06:00:11 App is up to date.
2026-09-02 11:03:06 Loaded updated app /home/nightmare/.config/obsidian/obsidian-1.13.7.asar
2026-09-02 11:03:06 Checking for update using Github
2026-09-02 11:03:07 Success.
2026-09-02 11:03:07 Latest version is 1.13.7
2026-09-02 11:03:07 App is up to date.
2026-09-02 12:03:06 Checking for update using Github
2026-09-02 12:03:06 Success.
2026-09-02 12:03:06 Latest version is 1.13.7
2026-09-02 12:03:06 App is up to date.
2026-09-02 13:03:06 Checking for update using Github
2026-09-02 13:03:06 Success.
2026-09-02 13:03:06 Latest version is 1.13.7
2026-09-02 13:03:06 App is up to date.
2026-09-02 14:03:06 Checking for update using Github
2026-09-02 14:03:06 Success.
2026-09-02 14:03:06 Latest version is 1.13.7
2026-09-02 14:03:06 App is up to date.
2026-09-02 15:03:06 Checking for update using Github
2026-09-02 15:03:06 Success.
2026-09-02 15:03:06 Latest version is 1.13.7
2026-09-02 15:03:06 App is up to date.
2026-09-02 15:03:07 Loaded updated app /home/nightmare/.config/obsidian/obsidian-1.13.7.asar
2026-09-03 08:01:30 Loaded updated app /home/nightmare/.config/obsidian/obsidian-1.13.7.asar
2026-09-03 08:01:30 Checking for update using Github
2026-09-03 08:01:31 Success.
2026-09-03 08:01:31 Latest version is 1.13.7
2026-09-03 08:01:31 App is up to date.
2026-09-03 09:01:30 Checking for update using Github
2026-09-03 09:01:30 Success.
2026-09-03 09:01:30 Latest version is 1.13.7
2026-09-03 09:01:30 App is up to date.
2026-09-03 10:01:31 Checking for update using Github
2026-09-03 10:01:35 Success.
2026-09-03 10:01:35 Latest version is 1.13.7
2026-09-03 10:01:35 App is up to date.
2026-09-03 11:01:30 Checking for update using Github
2026-09-03 11:01:30 Success.
2026-09-03 11:01:30 Latest version is 1.13.7
2026-09-03 11:01:30 App is up to date.
2026-09-03 12:01:30 Checking for update using Github
2026-09-03 12:01:30 Success.
2026-09-03 12:01:30 Latest version is 1.13.7
2026-09-03 12:01:30 App is up to date.
2026-09-03 13:01:30 Checking for update using Github
2026-09-03 13:01:30 Success.
2026-09-03 13:01:30 Latest version is 1.13.7
2026-09-03 13:01:30 App is up to date.
2026-09-03 23:53:12 Loaded updated app /home/nightmare/.config/obsidian/obsidian-1.13.7.asar
2026-09-03 23:53:13 Checking for update using Github
2026-09-03 23:53:13 Success.
2026-09-03 23:53:13 Latest version is 1.13.7
2026-09-03 23:53:13 App is up to date.
2026-09-04 00:53:13 Checking for update using Github
2026-09-04 00:53:13 Success.
2026-09-04 00:53:13 Latest version is 1.13.7
2026-09-04 00:53:13 App is up to date.
2026-09-04 01:53:13 Checking for update using Github
2026-09-04 01:53:13 Success.
2026-09-04 01:53:13 Latest version is 1.13.7
2026-09-04 01:53:13 App is up to date.
2026-09-04 02:53:13 Checking for update using Github
2026-09-04 02:53:13 Success.
2026-09-04 02:53:13 Latest version is 1.13.7
2026-09-04 02:53:13 App is up to date.
2026-09-04 03:53:13 Checking for update using Github
2026-09-04 03:53:13 Success.
2026-09-04 03:53:13 Latest version is 1.13.7
2026-09-04 03:53:13 App is up to date.
2026-09-04 04:53:13 Checking for update using Github
2026-09-04 04:53:13 Success.
2026-09-04 04:53:13 Latest version is 1.13.7
2026-09-04 04:53:13 App is up to date.
2026-09-04 05:29:58 Loaded updated app /home/nightmare/.config/obsidian/obsidian-1.13.7.asar
2026-09-04 05:29:59 Checking for update using Github
2026-09-04 05:30:00 Success.
2026-09-04 05:30:00 Latest version is 1.13.7
2026-09-04 05:30:00 App is up to date.
2026-09-04 05:54:29 Loaded updated app /home/nightmare/.config/obsidian/obsidian-1.13.7.asar
2026-09-04 06:29:59 Checking for update using Github
2026-09-04 06:29:59 Success.
2026-09-04 06:29:59 Latest version is 1.13.7
2026-09-04 06:29:59 App is up to date.
2026-09-04 07:29:59 Checking for update using Github
2026-09-04 07:29:59 Success.
2026-09-04 07:29:59 Latest version is 1.13.7
2026-09-04 07:29:59 App is up to date.
2026-09-04 08:38:34 Loaded updated app /home/nightmare/.config/obsidian/obsidian-1.13.7.asar
2026-09-04 08:38:35 Checking for update using Github
2026-09-04 08:38:35 Success.
2026-09-04 08:38:35 Latest version is 1.13.7
2026-09-04 08:38:35 App is up to date.
2026-09-04 08:49:20 Loaded updated app /home/nightmare/.config/obsidian/obsidian-1.13.7.asar
